weatherHour,latitude,longitude,description,temp,humidity,wind_speed
"2022-02-22 12:00:00",53.35,-6.26,"few clouds",282.81,71,10.8
"2022-02-24 10:00:00",53.35,-6.26,"scattered clouds",276.31,80,9.77
"2022-03-01 09:00:00",53.35,-6.26,"clear sky",277.21,86,0.98
"2022-03-01 10:00:00",53.35,-6.26,"scattered clouds",279.13,83,1.78
"2022-03-01 11:00:00",53.35,-6.26,"broken clouds",280.61,80,3.65
"2022-03-01 12:00:00",53.35,-6.26,"broken clouds",281.47,74,4.8
"2022-03-01 13:00:00",53.35,-6.26,"scattered clouds",281.45,71,5.47
"2022-03-01 14:00:00",53.35,-6.26,"scattered clouds",281.64,71,5.94
"2022-03-01 15:00:00",53.35,-6.26,"scattered clouds",281.17,71,6.91
"2022-03-01 16:00:00",53.35,-6.26,"scattered clouds",280.54,72,6.81
"2022-03-01 17:00:00",53.35,-6.26,"few clouds",279.78,73,6.48
"2022-03-01 18:00:00",53.35,-6.26,"few clouds",278.75,77,4.8
"2022-03-01 19:00:00",53.35,-6.26,"few clouds",278.08,81,4.99
"2022-03-01 20:00:00",53.35,-6.26,"few clouds",278.36,84,5.13
"2022-03-01 21:00:00",53.35,-6.26,"few clouds",279.01,83,5.98
"2022-03-01 22:00:00",53.35,-6.26,"few clouds",279.85,81,6.84
"2022-03-01 23:00:00",53.35,-6.26,"few clouds",280.14,81,7.61
"2022-03-02 00:00:00",53.35,-6.26,"broken clouds",280.12,81,8.75
"2022-03-02 05:00:00",53.35,-6.26,"light rain",279.93,90,4.25
"2022-03-02 06:00:00",53.35,-6.26,"broken clouds",279.69,92,4.89
"2022-03-02 07:00:00",53.35,-6.26,"broken clouds",279.63,95,5.35
"2022-03-02 08:00:00",53.35,-6.26,"light rain",279.77,96,5.9
"2022-03-02 09:00:00",53.35,-6.26,"light intensity drizzle",280.35,94,6.76
"2022-03-02 10:00:00",53.35,-6.26,"broken clouds",280.6,93,5.46
"2022-03-02 11:00:00",53.35,-6.26,"broken clouds",281.08,94,6
"2022-03-02 12:00:00",53.35,-6.26,"broken clouds",281.36,94,6.35
"2022-03-02 13:00:00",53.35,-6.26,"broken clouds",281.92,94,7.08
"2022-03-02 14:00:00",53.35,-6.26,"broken clouds",282.41,94,6.21
"2022-03-02 15:00:00",53.35,-6.26,"light intensity drizzle",282.65,93,6.62
"2022-03-02 16:00:00",53.35,-6.26,"light intensity drizzle",282.61,94,6.89
"2022-03-02 17:00:00",53.35,-6.26,"broken clouds",282.57,93,7.71
"2022-03-02 18:00:00",53.35,-6.26,"light intensity drizzle",282.34,93,6.98
"2022-03-02 19:00:00",53.35,-6.26,"broken clouds",282.38,92,5.92
"2022-03-02 20:00:00",53.35,-6.26,"heavy intensity rain",282.04,89,5.66
"2022-03-02 21:00:00",53.35,-6.26,"broken clouds",281.83,86,5.56
"2022-03-02 22:00:00",53.35,-6.26,"broken clouds",281.74,88,5.87
"2022-03-02 23:00:00",53.35,-6.26,"broken clouds",281.96,89,4.78
"2022-03-03 00:00:00",53.35,-6.26,"light intensity drizzle",282.17,88,4.63
"2022-03-03 05:00:00",53.35,-6.26,"scattered clouds",279.53,84,5.66
"2022-03-03 06:00:00",53.35,-6.26,"scattered clouds",278.93,85,5.47
"2022-03-03 07:00:00",53.35,-6.26,"few clouds",278.55,85,4.46
"2022-03-03 08:00:00",53.35,-6.26,"scattered clouds",278.52,83,4.44
"2022-03-03 09:00:00",53.35,-6.26,"broken clouds",279.37,82,4.42
"2022-03-03 10:00:00",53.35,-6.26,"broken clouds",280.41,79,4.88
"2022-03-03 11:00:00",53.35,-6.26,"broken clouds",281.56,74,4.54
"2022-03-03 12:00:00",53.35,-6.26,"broken clouds",282.47,68,5.46
"2022-03-03 13:00:00",53.35,-6.26,"broken clouds",283.09,64,4.56
"2022-03-03 14:00:00",53.35,-6.26,"broken clouds",283.15,64,4.38
"2022-03-03 15:00:00",53.35,-6.26,"broken clouds",283.21,62,3.65
"2022-03-03 16:00:00",53.35,-6.26,"broken clouds",282.93,65,2.91
"2022-03-03 17:00:00",53.35,-6.26,"broken clouds",282.2,70,2.37
"2022-03-03 18:00:00",53.35,-6.26,"broken clouds",280.66,75,2.25
"2022-03-03 19:00:00",53.35,-6.26,"broken clouds",279.56,81,2.03
"2022-03-03 20:00:00",53.35,-6.26,"broken clouds",279.85,82,3.29
"2022-03-03 21:00:00",53.35,-6.26,"broken clouds",279.46,84,4.1
"2022-03-03 22:00:00",53.35,-6.26,"broken clouds",279.27,85,4.09
"2022-03-03 23:00:00",53.35,-6.26,"broken clouds",279.14,86,4.14
"2022-03-04 00:00:00",53.35,-6.26,"broken clouds",278.73,86,4.12
"2022-03-04 05:00:00",53.35,-6.26,"scattered clouds",275.49,89,5.38
"2022-03-04 06:00:00",53.35,-6.26,"few clouds",275.07,89,6
"2022-03-04 07:00:00",53.35,-6.26,"few clouds",274.79,90,6.03
"2022-03-04 08:00:00",53.35,-6.26,"few clouds",275.28,88,5.76
"2022-03-04 09:00:00",53.35,-6.26,"few clouds",276.76,84,5.7
"2022-03-04 10:00:00",53.35,-6.26,"few clouds",278.4,81,6.27
"2022-03-04 11:00:00",53.35,-6.26,"few clouds",279.95,75,6.17
"2022-03-04 12:00:00",53.35,-6.26,"few clouds",280.99,67,6.26
"2022-03-04 13:00:00",53.35,-6.26,"scattered clouds",281.45,62,5.95
"2022-03-04 14:00:00",53.35,-6.26,"broken clouds",281.74,58,5.95
"2022-03-04 15:00:00",53.35,-6.26,"scattered clouds",281.89,56,5.83
"2022-03-04 16:00:00",53.35,-6.26,"scattered clouds",281.65,55,5.14
"2022-03-04 17:00:00",53.35,-6.26,"scattered clouds",280.79,59,4.77
"2022-03-04 18:00:00",53.35,-6.26,"scattered clouds",279.15,67,3.82
"2022-03-04 19:00:00",53.35,-6.26,"few clouds",277.72,74,3.09
"2022-03-04 20:00:00",53.35,-6.26,"few clouds",276.38,79,3.44
"2022-03-04 21:00:00",53.35,-6.26,"few clouds",275.61,82,3.35
"2022-03-04 22:00:00",53.35,-6.26,"few clouds",274.97,84,4.07
"2022-03-04 23:00:00",53.35,-6.26,"few clouds",274.69,85,3.57
"2022-03-05 00:00:00",53.35,-6.26,"few clouds",274.82,84,3.6
"2022-03-05 05:00:00",53.35,-6.26,"scattered clouds",274.02,87,4.58
"2022-03-05 06:00:00",53.35,-6.26,"few clouds",273.43,87,3.86
"2022-03-05 07:00:00",53.35,-6.26,"few clouds",272.98,89,4.07
"2022-03-05 08:00:00",53.35,-6.26,"few clouds",274.39,87,4.44
"2022-03-05 09:00:00",53.35,-6.26,"few clouds",276.17,82,4.7
"2022-03-05 10:00:00",53.35,-6.26,"few clouds",278.23,77,4.41
"2022-03-05 11:00:00",53.35,-6.26,"few clouds",280.14,72,4.73
"2022-03-05 12:00:00",53.35,-6.26,"scattered clouds",280.74,69,6.38
"2022-03-05 13:00:00",53.35,-6.26,"scattered clouds",281.03,67,6.52
"2022-03-05 14:00:00",53.35,-6.26,"scattered clouds",281.34,64,6.32
"2022-03-05 15:00:00",53.35,-6.26,"scattered clouds",281.41,60,6.03
"2022-03-05 16:00:00",53.35,-6.26,"scattered clouds",281.08,61,5.89
"2022-03-05 17:00:00",53.35,-6.26,"few clouds",280.12,65,5.21
"2022-03-05 18:00:00",53.35,-6.26,"few clouds",278.93,70,4.52
"2022-03-05 19:00:00",53.35,-6.26,"few clouds",277.68,75,2.49
"2022-03-05 20:00:00",53.35,-6.26,"few clouds",276.41,78,2.35
"2022-03-05 21:00:00",53.35,-6.26,"few clouds",275.58,82,2.33
"2022-03-05 22:00:00",53.35,-6.26,"few clouds",275.15,84,2.4
"2022-03-05 23:00:00",53.35,-6.26,"few clouds",274.86,86,2.36
"2022-03-06 00:00:00",53.35,-6.26,"few clouds",274.89,87,2.06
"2022-03-06 05:00:00",53.35,-6.26,"few clouds",273.94,89,2.48
"2022-03-06 06:00:00",53.35,-6.26,"few clouds",273.79,89,1.59
"2022-03-06 07:00:00",53.35,-6.26,"few clouds",273.79,91,2.68
"2022-03-06 08:00:00",53.35,-6.26,"few clouds",275.01,87,3.02
"2022-03-06 09:00:00",53.35,-6.26,"scattered clouds",278.13,79,3.91
"2022-03-06 10:00:00",53.35,-6.26,"broken clouds",280.02,71,5.24
"2022-03-06 11:00:00",53.35,-6.26,"scattered clouds",280.89,67,5.74
"2022-03-06 12:00:00",53.35,-6.26,"scattered clouds",281.47,65,5.71
"2022-03-06 13:00:00",53.35,-6.26,"scattered clouds",281.55,66,5.06
"2022-03-06 14:00:00",53.35,-6.26,"scattered clouds",281.54,65,5.8
"2022-03-06 15:00:00",53.35,-6.26,"few clouds",281.18,66,5.98
"2022-03-06 16:00:00",53.35,-6.26,"scattered clouds",280.79,69,5.78
"2022-03-06 17:00:00",53.35,-6.26,"scattered clouds",279.64,72,5.14
"2022-03-06 18:00:00",53.35,-6.26,"few clouds",278.36,76,3.85
"2022-03-06 19:00:00",53.35,-6.26,"few clouds",276.52,82,2.77
"2022-03-06 20:00:00",53.35,-6.26,"few clouds",275.46,84,1.51
"2022-03-06 21:00:00",53.35,-6.26,"scattered clouds",275.24,85,1.7
"2022-03-06 22:00:00",53.35,-6.26,"scattered clouds",275.9,85,2.06
"2022-03-06 23:00:00",53.35,-6.26,"broken clouds",275.85,86,1.67
"2022-03-07 00:00:00",53.35,-6.26,"broken clouds",275.88,87,1.54
"2022-03-07 05:00:00",53.35,-6.26,"broken clouds",276.64,77,3.65
"2022-03-07 06:00:00",53.35,-6.26,"scattered clouds",276.9,76,3.96
"2022-03-07 07:00:00",53.35,-6.26,"broken clouds",276.68,76,5.21
"2022-03-07 08:00:00",53.35,-6.26,"broken clouds",277.55,74,5.92
"2022-03-07 09:00:00",53.35,-6.26,"broken clouds",278.1,71,7.44
"2022-03-07 10:00:00",53.35,-6.26,"broken clouds",278.52,68,8.01
"2022-03-07 11:00:00",53.35,-6.26,"broken clouds",278.91,68,7.65
"2022-03-07 12:00:00",53.35,-6.26,"broken clouds",278.79,69,6.93
"2022-03-07 13:00:00",53.35,-6.26,"broken clouds",278.85,68,8.47
"2022-03-07 14:00:00",53.35,-6.26,"broken clouds",278.85,67,8.52
"2022-03-07 15:00:00",53.35,-6.26,"broken clouds",278.9,67,8.7
"2022-03-07 16:00:00",53.35,-6.26,"broken clouds",278.99,67,9.09
"2022-03-07 17:00:00",53.35,-6.26,"broken clouds",278.84,69,7.08
"2022-03-07 18:00:00",53.35,-6.26,"scattered clouds",278.47,72,5.81
"2022-03-07 19:00:00",53.35,-6.26,"broken clouds",278.87,70,5.66
"2022-03-07 20:00:00",53.35,-6.26,"scattered clouds",279.29,69,6.07
"2022-03-07 21:00:00",53.35,-6.26,"broken clouds",279.65,68,6.47
"2022-03-07 22:00:00",53.35,-6.26,"broken clouds",279.46,68,7.99
"2022-03-07 23:00:00",53.35,-6.26,"broken clouds",279.21,69,8.43
"2022-03-08 00:00:00",53.35,-6.26,"broken clouds",278.93,68,7.72
"2022-03-08 05:00:00",53.35,-6.26,"broken clouds",278.74,70,9.67
"2022-03-08 06:00:00",53.35,-6.26,"broken clouds",278.78,72,10.43
"2022-03-08 07:00:00",53.35,-6.26,"broken clouds",278.77,76,11.34
"2022-03-08 08:00:00",53.35,-6.26,"broken clouds",279.17,77,11.69
"2022-03-08 09:00:00",53.35,-6.26,"broken clouds",279.62,79,12.02
"2022-03-08 10:00:00",53.35,-6.26,"broken clouds",280.3,80,12.96
"2022-03-08 11:00:00",53.35,-6.26,"heavy intensity rain",280.65,84,11.94
"2022-03-08 12:00:00",53.35,-6.26,"broken clouds",280.91,87,12.07
"2022-03-08 13:00:00",53.35,-6.26,"broken clouds",281.38,88,11.15
"2022-03-08 14:00:00",53.35,-6.26,"broken clouds",282.75,83,9.48
"2022-03-08 15:00:00",53.35,-6.26,"broken clouds",284.12,75,10.97
"2022-03-08 16:00:00",53.35,-6.26,"broken clouds",282.55,80,11.45
"2022-03-08 17:00:00",53.35,-6.26,"broken clouds",281.86,79,9.37
"2022-03-08 18:00:00",53.35,-6.26,"scattered clouds",281.51,76,6.85
"2022-03-08 19:00:00",53.35,-6.26,"scattered clouds",281.12,75,7.2
"2022-03-08 20:00:00",53.35,-6.26,"few clouds",280.39,78,6.89
"2022-03-08 21:00:00",53.35,-6.26,"few clouds",280.33,80,5.37
"2022-03-08 22:00:00",53.35,-6.26,"broken clouds",280.8,81,5.59
"2022-03-08 23:00:00",53.35,-6.26,"broken clouds",280.99,82,5.7
"2022-03-09 00:00:00",53.35,-6.26,"broken clouds",281.16,79,9.26
"2022-03-09 05:00:00",53.35,-6.26,"broken clouds",282.58,78,12.04
"2022-03-09 06:00:00",53.35,-6.26,"broken clouds",282.53,82,10.79
"2022-03-09 07:00:00",53.35,-6.26,"broken clouds",282.6,84,10.84
"2022-03-09 08:00:00",53.35,-6.26,"broken clouds",282.81,85,9.96
"2022-03-09 09:00:00",53.35,-6.26,"broken clouds",282.99,86,10.68
"2022-03-09 10:00:00",53.35,-6.26,"light rain",282.99,88,9.86
"2022-03-09 11:00:00",53.35,-6.26,"light rain",282.9,89,9.03
"2022-03-09 12:00:00",53.35,-6.26,"light rain",281.93,91,8.3
"2022-03-09 13:00:00",53.35,-6.26,"moderate rain",279.91,93,5.66
"2022-03-09 14:00:00",53.35,-6.26,"light rain",278.86,92,6.14
"2022-03-09 15:00:00",53.35,-6.26,"light rain",278.49,92,5.06
"2022-03-09 16:00:00",53.35,-6.26,"broken clouds",278.48,93,4.42
"2022-03-09 17:00:00",53.35,-6.26,"light rain",278.21,92,4.17
"2022-03-09 18:00:00",53.35,-6.26,"moderate rain",277.66,92,4.44
"2022-03-09 19:00:00",53.35,-6.26,"moderate rain",277.57,92,2.81
"2022-03-09 20:00:00",53.35,-6.26,"broken clouds",277.59,93,2.02
"2022-03-09 21:00:00",53.35,-6.26,"broken clouds",277.57,93,2.69
"2022-03-09 22:00:00",53.35,-6.26,"broken clouds",277.74,94,2.35
"2022-03-09 23:00:00",53.35,-6.26,"broken clouds",277.79,95,3.36
"2022-03-10 00:00:00",53.35,-6.26,"broken clouds",277.79,96,4.63
"2022-03-10 05:00:00",53.35,-6.26,"broken clouds",277.49,95,3.04
"2022-03-10 06:00:00",53.35,-6.26,"broken clouds",277.36,95,3.7
"2022-03-10 07:00:00",53.35,-6.26,"broken clouds",276.98,96,4.12
"2022-03-10 08:00:00",53.35,-6.26,mist,277.67,94,3.72
"2022-03-10 09:00:00",53.35,-6.26,"broken clouds",278.71,90,5.21
"2022-03-10 10:00:00",53.35,-6.26,"broken clouds",280.15,78,7.62
"2022-03-10 11:00:00",53.35,-6.26,"few clouds",281.24,69,5.9
"2022-03-10 12:00:00",53.35,-6.26,"broken clouds",282.58,66,5.87
"2022-03-10 13:00:00",53.35,-6.26,"broken clouds",283.6,63,7.2
"2022-03-10 14:00:00",53.35,-6.26,"broken clouds",284.14,60,7.46
"2022-03-10 15:00:00",53.35,-6.26,"broken clouds",283.78,62,8.46
"2022-03-10 16:00:00",53.35,-6.26,"broken clouds",282.69,67,8.35
"2022-03-10 17:00:00",53.35,-6.26,"scattered clouds",281.48,70,7.46
"2022-03-10 18:00:00",53.35,-6.26,"broken clouds",280.67,73,5.73
"2022-03-10 19:00:00",53.35,-6.26,"broken clouds",280.45,73,5.45
"2022-03-10 20:00:00",53.35,-6.26,"broken clouds",280.69,70,5.76
"2022-03-10 21:00:00",53.35,-6.26,"broken clouds",280.95,68,6.34
"2022-03-10 22:00:00",53.35,-6.26,"scattered clouds",280.75,72,7.53
"2022-03-10 23:00:00",53.35,-6.26,"scattered clouds",280.46,82,7.12
"2022-03-11 00:00:00",53.35,-6.26,"broken clouds",280.1,85,8.23
"2022-03-11 05:00:00",53.35,-6.26,"broken clouds",281.19,86,7.17
"2022-03-11 06:00:00",53.35,-6.26,"broken clouds",281.38,86,6.7
"2022-03-11 07:00:00",53.35,-6.26,"broken clouds",281.73,86,7.41
"2022-03-11 08:00:00",53.35,-6.26,"broken clouds",281.67,90,7.67
"2022-03-11 09:00:00",53.35,-6.26,"broken clouds",281.59,90,9.02
"2022-03-11 10:00:00",53.35,-6.26,"broken clouds",281.39,91,8.95
"2022-03-11 11:00:00",53.35,-6.26,"moderate rain",281.68,92,7.19
"2022-03-11 12:00:00",53.35,-6.26,"moderate rain",282.08,93,6.92
"2022-03-11 13:00:00",53.35,-6.26,"light intensity drizzle rain",282.7,92,7.35
"2022-03-11 14:00:00",53.35,-6.26,"broken clouds",284.6,84,7.32
"2022-03-11 15:00:00",53.35,-6.26,"broken clouds",285.36,78,7.46
"2022-03-11 16:00:00",53.35,-6.26,"broken clouds",284.35,77,6.17
"2022-03-11 17:00:00",53.35,-6.26,"broken clouds",283.42,81,5.5
"2022-03-11 18:00:00",53.35,-6.26,"broken clouds",282.42,84,3.45
"2022-03-11 19:00:00",53.35,-6.26,"broken clouds",281.72,88,2.5
"2022-03-11 20:00:00",53.35,-6.26,"broken clouds",280.95,89,2.86
"2022-03-11 21:00:00",53.35,-6.26,"broken clouds",280.73,90,3.3
"2022-03-11 22:00:00",53.35,-6.26,"broken clouds",280.52,90,2.78
"2022-03-11 23:00:00",53.35,-6.26,"broken clouds",280.49,90,2.91
"2022-03-12 00:00:00",53.35,-6.26,"broken clouds",280.56,90,3.6
"2022-03-12 05:00:00",53.35,-6.26,"broken clouds",279.88,89,4.37
"2022-03-12 06:00:00",53.35,-6.26,"broken clouds",279.7,87,5.57
"2022-03-12 07:00:00",53.35,-6.26,"broken clouds",278.97,87,6.28
"2022-03-12 08:00:00",53.35,-6.26,"few clouds",279.27,85,5.16
"2022-03-12 09:00:00",53.35,-6.26,"broken clouds",280.25,81,4.5
"2022-03-12 10:00:00",53.35,-6.26,"broken clouds",281.5,75,4.7
"2022-03-12 11:00:00",53.35,-6.26,"scattered clouds",282.6,68,5.25
"2022-03-12 12:00:00",53.35,-6.26,"few clouds",283.05,63,4.68
"2022-03-12 13:00:00",53.35,-6.26,"scattered clouds",282.65,65,5.25
"2022-03-12 14:00:00",53.35,-6.26,"broken clouds",281.92,76,6.03
"2022-03-12 15:00:00",53.35,-6.26,"light rain",281.67,79,6.21
"2022-03-12 16:00:00",53.35,-6.26,"moderate rain",280.28,84,8.59
"2022-03-12 17:00:00",53.35,-6.26,"light intensity shower rain",279.63,89,9.18
"2022-03-12 18:00:00",53.35,-6.26,"light intensity shower rain",279.74,91,10.74
"2022-03-12 19:00:00",53.35,-6.26,"light intensity shower rain",280.22,91,10.49
"2022-03-12 20:00:00",53.35,-6.26,"broken clouds",280.45,91,10.2
"2022-03-12 21:00:00",53.35,-6.26,"light intensity shower rain",280.15,90,11.14
"2022-03-12 22:00:00",53.35,-6.26,"broken clouds",280.22,90,9.88
"2022-03-12 23:00:00",53.35,-6.26,"broken clouds",280.61,90,9.93
"2022-03-13 00:00:00",53.35,-6.26,"broken clouds",280.55,90,10.8
"2022-03-13 05:00:00",53.35,-6.26,"light intensity shower rain",281.3,87,13.32
"2022-03-13 06:00:00",53.35,-6.26,"broken clouds",281.07,88,13.78
"2022-03-13 07:00:00",53.35,-6.26,"light intensity shower rain",281.11,89,12.69
"2022-03-13 08:00:00",53.35,-6.26,"light intensity shower rain",281.05,89,10.11
"2022-03-13 09:00:00",53.35,-6.26,"broken clouds",281.75,85,8.75
"2022-03-13 10:00:00",53.35,-6.26,"broken clouds",282.67,81,6.88
"2022-03-13 11:00:00",53.35,-6.26,"broken clouds",283.37,78,6.09
"2022-03-13 12:00:00",53.35,-6.26,"broken clouds",284.05,75,6.72
"2022-03-13 13:00:00",53.35,-6.26,"broken clouds",284.62,72,7.61
"2022-03-13 14:00:00",53.35,-6.26,"broken clouds",284.52,70,7.15
"2022-03-13 15:00:00",53.35,-6.26,"broken clouds",283.74,73,7.06
"2022-03-13 16:00:00",53.35,-6.26,"scattered clouds",283.84,70,9.62
"2022-03-13 17:00:00",53.35,-6.26,"scattered clouds",283.03,70,9.38
"2022-03-13 18:00:00",53.35,-6.26,"broken clouds",282.06,73,7.75
"2022-03-13 19:00:00",53.35,-6.26,"broken clouds",281.27,74,6.96
"2022-03-13 20:00:00",53.35,-6.26,"scattered clouds",280.87,75,5.43
"2022-03-13 21:00:00",53.35,-6.26,"scattered clouds",280.53,76,6.64
"2022-03-13 22:00:00",53.35,-6.26,"broken clouds",280.19,77,7.59
"2022-03-13 23:00:00",53.35,-6.26,"broken clouds",279.95,78,6.76
"2022-03-14 00:00:00",53.35,-6.26,"broken clouds",279.76,79,6.69
"2022-03-14 05:00:00",53.35,-6.26,"few clouds",279.11,80,7.9
"2022-03-14 06:00:00",53.35,-6.26,"few clouds",278.87,81,6.74
"2022-03-14 07:00:00",53.35,-6.26,"few clouds",279.23,81,7.25
"2022-03-14 08:00:00",53.35,-6.26,"light rain",279.67,81,7.77
"2022-03-14 09:00:00",53.35,-6.26,"heavy intensity rain",279.15,86,7.98
"2022-03-14 10:00:00",53.35,-6.26,"light rain",279.43,88,9.05
"2022-03-14 11:00:00",53.35,-6.26,"broken clouds",280.57,88,7.87
"2022-03-14 12:00:00",53.35,-6.26,"broken clouds",281.86,85,7.72
"2022-03-14 13:00:00",53.35,-6.26,"broken clouds",282.5,82,7.51
"2022-03-14 14:00:00",53.35,-6.26,"light intensity drizzle",283.52,78,7.1
"2022-03-14 15:00:00",53.35,-6.26,"light intensity drizzle",283.93,73,7.24
"2022-03-14 16:00:00",53.35,-6.26,"broken clouds",282.85,75,6.51
"2022-03-14 17:00:00",53.35,-6.26,"broken clouds",282.92,75,4.4
"2022-03-14 18:00:00",53.35,-6.26,"few clouds",281.43,79,2.43
"2022-03-14 19:00:00",53.35,-6.26,"few clouds",279.72,82,2.11
"2022-03-14 20:00:00",53.35,-6.26,"clear sky",278.7,82,2.52
"2022-03-14 21:00:00",53.35,-6.26,"clear sky",278.13,83,2.32
"2022-03-14 22:00:00",53.35,-6.26,"clear sky",277.49,83,3.48
"2022-03-14 23:00:00",53.35,-6.26,"clear sky",277.58,83,3.55
"2022-03-15 00:00:00",53.35,-6.26,"clear sky",277.93,82,4.12
"2022-03-15 05:00:00",53.35,-6.26,"clear sky",278.23,72,3.59
"2022-03-15 06:00:00",53.35,-6.26,"clear sky",279.15,68,5.19
"2022-03-15 07:00:00",53.35,-6.26,"clear sky",279.14,72,4.66
"2022-03-15 08:00:00",53.35,-6.26,"overcast clouds",280.5,70,6.02
"2022-03-15 09:00:00",53.35,-6.26,"broken clouds",281.68,70,7.72
"2022-03-15 10:00:00",53.35,-6.26,"broken clouds",282.71,70,7.53
"2022-03-15 11:00:00",53.35,-6.26,"broken clouds",283.29,71,7.37
"2022-03-15 12:00:00",53.35,-6.26,"broken clouds",283.99,71,7.61
"2022-03-15 13:00:00",53.35,-6.26,"broken clouds",284.16,70,7.98
"2022-03-15 14:00:00",53.35,-6.26,"broken clouds",284.22,69,7.2
"2022-03-15 15:00:00",53.35,-6.26,"broken clouds",284.3,70,6.89
"2022-03-15 16:00:00",53.35,-6.26,"broken clouds",283.87,71,6.48
"2022-03-15 17:00:00",53.35,-6.26,"broken clouds",283.34,72,5.35
"2022-03-15 18:00:00",53.35,-6.26,"broken clouds",282.75,74,6.11
"2022-03-15 19:00:00",53.35,-6.26,"light rain",282.49,75,5.45
"2022-03-15 20:00:00",53.35,-6.26,"broken clouds",282.21,76,4.46
"2022-03-15 21:00:00",53.35,-6.26,"broken clouds",282.14,78,5.2
"2022-03-15 22:00:00",53.35,-6.26,"broken clouds",282.2,79,5.3
"2022-03-15 23:00:00",53.35,-6.26,"broken clouds",282.35,79,4.68
"2022-03-16 00:00:00",53.35,-6.26,"broken clouds",282.31,81,5.14
"2022-03-16 05:00:00",53.35,-6.26,"moderate rain",279.24,92,3.69
"2022-03-16 06:00:00",53.35,-6.26,"moderate rain",278.85,92,4.02
"2022-03-16 07:00:00",53.35,-6.26,"moderate rain",278.58,93,3.65
"2022-03-16 08:00:00",53.35,-6.26,"moderate rain",278.43,92,4.77
"2022-03-16 09:00:00",53.35,-6.26,"broken clouds",278.72,90,4.87
"2022-03-16 10:00:00",53.35,-6.26,"broken clouds",279.38,86,4.63
"2022-03-16 11:00:00",53.35,-6.26,"broken clouds",280.59,78,5.64
"2022-03-16 12:00:00",53.35,-6.26,"broken clouds",281.66,66,5.39
"2022-03-16 13:00:00",53.35,-6.26,"broken clouds",282.32,61,5.54
"2022-03-16 14:00:00",53.35,-6.26,"broken clouds",282.91,54,6.41
"2022-03-16 15:00:00",53.35,-6.26,"scattered clouds",283.07,53,6.1
"2022-03-16 16:00:00",53.35,-6.26,"few clouds",283.11,54,5.86
"2022-03-16 17:00:00",53.35,-6.26,"scattered clouds",282.56,57,5.28
"2022-03-16 18:00:00",53.35,-6.26,"broken clouds",281.09,64,3.74
"2022-03-16 19:00:00",53.35,-6.26,"scattered clouds",279.83,70,3.19
"2022-03-16 20:00:00",53.35,-6.26,"broken clouds",279.26,73,2.52
"2022-03-16 21:00:00",53.35,-6.26,"broken clouds",278.92,74,3.16
"2022-03-16 22:00:00",53.35,-6.26,"scattered clouds",277.86,78,2.98
"2022-03-16 23:00:00",53.35,-6.26,"scattered clouds",277.65,80,2.75
"2022-03-17 00:00:00",53.35,-6.26,"scattered clouds",277.39,81,3.09
"2022-03-17 05:00:00",53.35,-6.26,"few clouds",278.69,80,5.52
"2022-03-17 06:00:00",53.35,-6.26,"light rain",279.53,78,7.51
"2022-03-17 07:00:00",53.35,-6.26,"broken clouds",280.98,78,8.88
"2022-03-17 08:00:00",53.35,-6.26,"broken clouds",282,78,9.64
"2022-03-17 09:00:00",53.35,-6.26,"broken clouds",283.3,76,11.08
"2022-03-17 10:00:00",53.35,-6.26,"few clouds",284.42,74,9.89
"2022-03-17 11:00:00",53.35,-6.26,"scattered clouds",285.38,70,7.86
"2022-03-17 12:00:00",53.35,-6.26,"few clouds",285.83,69,6.36
"2022-03-17 13:00:00",53.35,-6.26,"broken clouds",286.89,65,7.29
"2022-03-17 14:00:00",53.35,-6.26,"broken clouds",287.53,60,8.44
"2022-03-17 15:00:00",53.35,-6.26,"broken clouds",287.06,63,9.26
"2022-03-17 16:00:00",53.35,-6.26,"broken clouds",286.5,65,8.47
"2022-03-17 17:00:00",53.35,-6.26,"broken clouds",284.98,70,8.71
"2022-03-17 18:00:00",53.35,-6.26,"scattered clouds",283.17,77,5.98
"2022-03-17 19:00:00",53.35,-6.26,"few clouds",281.5,81,4.19
"2022-03-17 20:00:00",53.35,-6.26,"scattered clouds",280.16,86,3.06
"2022-03-17 21:00:00",53.35,-6.26,"few clouds",279.65,84,2.52
"2022-03-17 22:00:00",53.35,-6.26,"scattered clouds",279.58,80,2.5
"2022-03-17 23:00:00",53.35,-6.26,"few clouds",279.28,78,2.32
"2022-03-18 00:00:00",53.35,-6.26,"few clouds",279.26,78,2.06
"2022-03-18 05:00:00",53.35,-6.26,"few clouds",276.08,85,1.93
"2022-03-18 06:00:00",53.35,-6.26,"few clouds",276.02,86,1.82
"2022-03-18 07:00:00",53.35,-6.26,"scattered clouds",277.97,83,2.64
"2022-03-18 08:00:00",53.35,-6.26,"scattered clouds",280.66,76,3.27
"2022-03-18 09:00:00",53.35,-6.26,"few clouds",282.52,77,4.65
"2022-03-18 10:00:00",53.35,-6.26,"scattered clouds",284.09,77,5.35
"2022-03-18 11:00:00",53.35,-6.26,"few clouds",286.34,69,5.52
"2022-03-18 12:00:00",53.35,-6.26,"few clouds",286.54,69,5.18
"2022-03-18 13:00:00",53.35,-6.26,"few clouds",286.7,69,6.04
"2022-03-18 14:00:00",53.35,-6.26,"few clouds",286.73,70,6.08
"2022-03-18 15:00:00",53.35,-6.26,"few clouds",286.37,70,6.89
"2022-03-18 16:00:00",53.35,-6.26,"few clouds",286.06,68,6.03
"2022-03-18 17:00:00",53.35,-6.26,"few clouds",285.73,65,5.55
"2022-03-18 18:00:00",53.35,-6.26,"few clouds",284.31,71,4.34
"2022-03-18 19:00:00",53.35,-6.26,"few clouds",283.26,74,4.92
"2022-03-18 20:00:00",53.35,-6.26,"few clouds",282.11,81,3.3
"2022-03-18 21:00:00",53.35,-6.26,"few clouds",281.15,86,4.49
"2022-03-18 22:00:00",53.35,-6.26,"few clouds",280.69,90,3.84
"2022-03-18 23:00:00",53.35,-6.26,"few clouds",280.44,93,3.5
"2022-03-19 00:00:00",53.35,-6.26,"few clouds",280.27,94,3.6
"2022-03-19 05:00:00",53.35,-6.26,"few clouds",281.05,78,8.22
"2022-03-19 06:00:00",53.35,-6.26,"few clouds",280.98,80,8.82
"2022-03-19 07:00:00",53.35,-6.26,"few clouds",281.64,79,7
"2022-03-19 08:00:00",53.35,-6.26,"few clouds",282.59,77,7.09
"2022-03-19 09:00:00",53.35,-6.26,"few clouds",283.85,72,7.36
"2022-03-19 10:00:00",53.35,-6.26,"few clouds",284.67,66,8.58
"2022-03-19 11:00:00",53.35,-6.26,"few clouds",285.42,59,9.77
"2022-03-19 12:00:00",53.35,-6.26,"few clouds",285.99,55,9.74
"2022-03-19 13:00:00",53.35,-6.26,"few clouds",286.52,51,9.14
"2022-03-19 14:00:00",53.35,-6.26,"few clouds",286.94,49,8.33
"2022-03-19 15:00:00",53.35,-6.26,"few clouds",286.73,52,7.72
"2022-03-19 16:00:00",53.35,-6.26,"few clouds",286.41,54,7.63
"2022-03-19 17:00:00",53.35,-6.26,"few clouds",285.22,59,7.46
"2022-03-19 18:00:00",53.35,-6.26,"scattered clouds",284.1,65,6.92
"2022-03-19 19:00:00",53.35,-6.26,"scattered clouds",284.08,63,7.49
"2022-03-19 20:00:00",53.35,-6.26,"scattered clouds",284.4,59,9.38
"2022-03-19 21:00:00",53.35,-6.26,"scattered clouds",284.11,59,8.43
"2022-03-19 22:00:00",53.35,-6.26,"scattered clouds",283.32,63,8.13
"2022-03-19 23:00:00",53.35,-6.26,"few clouds",282.66,65,7.63
"2022-03-20 00:00:00",53.35,-6.26,"clear sky",282.29,66,5.14
"2022-03-20 05:00:00",53.35,-6.26,"clear sky",280.1,74,4.72
"2022-03-20 06:00:00",53.35,-6.26,"clear sky",279.55,75,4.73
"2022-03-20 07:00:00",53.35,-6.26,"clear sky",279.47,77,6.69
"2022-03-20 08:00:00",53.35,-6.26,"few clouds",280.77,75,6.21
"2022-03-20 09:00:00",53.35,-6.26,"few clouds",281.69,71,6.73
"2022-03-20 10:00:00",53.35,-6.26,"few clouds",281.98,71,8.72
"2022-03-20 11:00:00",53.35,-6.26,"few clouds",282.74,70,7.94
"2022-03-20 12:00:00",53.35,-6.26,"few clouds",283.65,68,7.27
"2022-03-20 13:00:00",53.35,-6.26,"few clouds",283.75,67,7.24
"2022-03-20 14:00:00",53.35,-6.26,"few clouds",283.84,66,7.64
"2022-03-20 15:00:00",53.35,-6.26,"few clouds",284.25,66,6.67
"2022-03-20 16:00:00",53.35,-6.26,"scattered clouds",283.39,66,5.98
"2022-03-20 17:00:00",53.35,-6.26,"scattered clouds",282.41,66,5.32
"2022-03-20 18:00:00",53.35,-6.26,"broken clouds",281.76,70,4.49
"2022-03-20 19:00:00",53.35,-6.26,"broken clouds",281.43,73,3.09
"2022-03-20 20:00:00",53.35,-6.26,"broken clouds",281.51,75,3.21
"2022-03-20 21:00:00",53.35,-6.26,"broken clouds",281.35,76,3.45
"2022-03-20 22:00:00",53.35,-6.26,"broken clouds",281.38,76,3.09
"2022-03-20 23:00:00",53.35,-6.26,"broken clouds",281.66,73,3.43
"2022-03-21 00:00:00",53.35,-6.26,"broken clouds",282.17,70,3.6
"2022-03-21 05:00:00",53.35,-6.26,"broken clouds",281.21,79,4.63
"2022-03-21 06:00:00",53.35,-6.26,"broken clouds",281.13,80,4.9
"2022-03-21 07:00:00",53.35,-6.26,"broken clouds",281.19,81,4.92
"2022-03-21 08:00:00",53.35,-6.26,"broken clouds",282.11,76,4.82
"2022-03-21 09:00:00",53.35,-6.26,"broken clouds",282.59,73,5.07
"2022-03-21 10:00:00",53.35,-6.26,"broken clouds",283.33,73,5.76
"2022-03-21 11:00:00",53.35,-6.26,"broken clouds",284.71,71,5.62
"2022-03-21 12:00:00",53.35,-6.26,"broken clouds",285.47,70,5.66
"2022-03-21 13:00:00",53.35,-6.26,"broken clouds",285.7,69,6.48
"2022-03-21 14:00:00",53.35,-6.26,"few clouds",286.12,68,5.47
"2022-03-21 15:00:00",53.35,-6.26,"few clouds",285.33,70,6.21
"2022-03-21 16:00:00",53.35,-6.26,"scattered clouds",284.39,73,5.62
"2022-03-21 17:00:00",53.35,-6.26,"scattered clouds",283.79,75,5.47
"2022-03-21 18:00:00",53.35,-6.26,"scattered clouds",282.63,78,4.99
"2022-03-21 19:00:00",53.35,-6.26,"broken clouds",282.06,81,4.2
"2022-03-21 20:00:00",53.35,-6.26,"broken clouds",281.87,84,5.14
"2022-03-21 21:00:00",53.35,-6.26,"broken clouds",281.62,86,5.14
"2022-03-21 22:00:00",53.35,-6.26,"broken clouds",281.64,87,4.84
"2022-03-21 23:00:00",53.35,-6.26,"broken clouds",281.21,89,4.44
"2022-03-22 00:00:00",53.35,-6.26,"broken clouds",281.28,89,5.14
"2022-03-22 05:00:00",53.35,-6.26,"scattered clouds",282.09,88,4.79
"2022-03-22 06:00:00",53.35,-6.26,"scattered clouds",282.2,88,4.98
"2022-03-22 07:00:00",53.35,-6.26,"scattered clouds",282.48,87,5.6
"2022-03-22 08:00:00",53.35,-6.26,"scattered clouds",284.24,82,4.89
"2022-03-22 09:00:00",53.35,-6.26,"scattered clouds",285.94,76,5.65
"2022-03-22 10:00:00",53.35,-6.26,"broken clouds",287.42,71,5.81
"2022-03-22 11:00:00",53.35,-6.26,"scattered clouds",288.03,69,5.79
"2022-03-22 12:00:00",53.35,-6.26,"scattered clouds",288.37,67,6.7
"2022-03-22 13:00:00",53.35,-6.26,"few clouds",288.75,66,5.98
"2022-03-22 14:00:00",53.35,-6.26,"few clouds",289.06,65,6.58
"2022-03-22 15:00:00",53.35,-6.26,"scattered clouds",289.43,65,7.13
"2022-03-22 16:00:00",53.35,-6.26,"few clouds",287.84,67,7.97
"2022-03-22 17:00:00",53.35,-6.26,"scattered clouds",286.26,74,5.51
"2022-03-22 18:00:00",53.35,-6.26,"clear sky",284.75,80,3.71
"2022-03-22 19:00:00",53.35,-6.26,"clear sky",283.3,85,3.41
"2022-03-22 20:00:00",53.35,-6.26,"scattered clouds",282.18,87,3.19
"2022-03-22 21:00:00",53.35,-6.26,"clear sky",281.77,88,3.02
"2022-03-22 22:00:00",53.35,-6.26,"clear sky",281.77,85,3.19
"2022-03-22 23:00:00",53.35,-6.26,"clear sky",282.8,72,3.43
"2022-03-23 00:00:00",53.35,-6.26,"clear sky",282.57,72,3.6
"2022-03-23 05:00:00",53.35,-6.26,"clear sky",280.57,76,3.62
"2022-03-23 06:00:00",53.35,-6.26,"clear sky",279.57,81,1.87
"2022-03-23 07:00:00",53.35,-6.26,"clear sky",280.37,81,1.62
"2022-03-23 08:00:00",53.35,-6.26,"clear sky",282.77,77,3.02
"2022-03-23 09:00:00",53.35,-6.26,"clear sky",285.16,69,3.56
"2022-03-23 10:00:00",53.35,-6.26,"clear sky",286.76,66,4.6
"2022-03-23 11:00:00",53.35,-6.26,"clear sky",287.84,63,4.94
"2022-03-23 12:00:00",53.35,-6.26,"clear sky",288.74,61,4.42
"2022-03-23 13:00:00",53.35,-6.26,"few clouds",289.22,59,4.49
"2022-03-23 14:00:00",53.35,-6.26,"few clouds",289.48,57,4.77
"2022-03-23 15:00:00",53.35,-6.26,"scattered clouds",289.47,57,4.8
"2022-03-23 16:00:00",53.35,-6.26,"scattered clouds",289.36,57,4.8
"2022-03-23 17:00:00",53.35,-6.26,"few clouds",288.07,61,5.14
"2022-03-23 18:00:00",53.35,-6.26,"few clouds",286.62,66,3.36
"2022-03-23 19:00:00",53.35,-6.26,"scattered clouds",285.09,71,2.18
"2022-03-23 20:00:00",53.35,-6.26,"clear sky",284.82,69,2.41
"2022-03-23 21:00:00",53.35,-6.26,"clear sky",283.86,74,2.88
"2022-03-23 22:00:00",53.35,-6.26,"clear sky",282.53,79,1.94
"2022-03-23 23:00:00",53.35,-6.26,"clear sky",282.07,80,1.63
"2022-03-24 00:00:00",53.35,-6.26,"clear sky",282.35,79,2.06
"2022-03-24 05:00:00",53.35,-6.26,"clear sky",280.86,83,2.17
"2022-03-24 06:00:00",53.35,-6.26,"clear sky",280.57,85,1.51
"2022-03-24 07:00:00",53.35,-6.26,"clear sky",281.07,85,1.56
"2022-03-24 08:00:00",53.35,-6.26,"clear sky",281.87,83,1.44
"2022-03-24 09:00:00",53.35,-6.26,"clear sky",283.62,77,1.51
"2022-03-24 10:00:00",53.35,-6.26,"clear sky",285.74,70,3.14
"2022-03-24 11:00:00",53.35,-6.26,"clear sky",287.6,64,3.19
"2022-03-24 12:00:00",53.35,-6.26,"clear sky",288.8,60,3.14
"2022-03-24 13:00:00",53.35,-6.26,"clear sky",289.1,58,3.15
"2022-03-24 14:00:00",53.35,-6.26,"broken clouds",288.9,60,3.47
"2022-03-24 15:00:00",53.35,-6.26,"scattered clouds",288.38,63,3.33
"2022-03-24 16:00:00",53.35,-6.26,"scattered clouds",288.22,64,2.71
"2022-03-24 17:00:00",53.35,-6.26,"few clouds",287.51,67,2.47
"2022-03-24 18:00:00",53.35,-6.26,"few clouds",285.67,72,1.89
"2022-03-24 19:00:00",53.35,-6.26,"few clouds",283.7,78,1.63
"2022-03-24 20:00:00",53.35,-6.26,"few clouds",282.38,82,1.54
"2022-03-24 21:00:00",53.35,-6.26,"few clouds",282.12,85,1.89
"2022-03-24 22:00:00",53.35,-6.26,"clear sky",282.31,86,1.03
"2022-03-24 23:00:00",53.35,-6.26,"broken clouds",282.55,85,1.09
"2022-03-25 00:00:00",53.35,-6.26,"scattered clouds",282.48,85,1.54
"2022-03-25 05:00:00",53.35,-6.26,"broken clouds",281.54,88,1.94
"2022-03-25 06:00:00",53.35,-6.26,"broken clouds",281.62,89,0.67
"2022-03-25 07:00:00",53.35,-6.26,"broken clouds",282.31,89,0.51
"2022-03-25 08:00:00",53.35,-6.26,"broken clouds",283.64,84,1.29
"2022-03-25 09:00:00",53.35,-6.26,"broken clouds",285.05,78,1.99
"2022-03-25 10:00:00",53.35,-6.26,"broken clouds",286.49,71,1.63
"2022-03-25 11:00:00",53.35,-6.26,"broken clouds",287.29,71,2.6
"2022-03-25 12:00:00",53.35,-6.26,"broken clouds",287.56,68,3.25
"2022-03-25 13:00:00",53.35,-6.26,"broken clouds",287.26,68,3.86
"2022-03-25 14:00:00",53.35,-6.26,"broken clouds",287.85,65,3.77
"2022-03-25 15:00:00",53.35,-6.26,"scattered clouds",287.75,66,4.01
"2022-03-25 16:00:00",53.35,-6.26,"broken clouds",286.96,68,4.63
"2022-03-25 17:00:00",53.35,-6.26,"broken clouds",286.03,70,3.7
"2022-03-25 18:00:00",53.35,-6.26,"broken clouds",284.38,74,2.97
"2022-03-25 19:00:00",53.35,-6.26,"broken clouds",282.74,79,2.88
"2022-03-25 20:00:00",53.35,-6.26,"scattered clouds",281.57,83,2.47
"2022-03-25 21:00:00",53.35,-6.26,"few clouds",280.94,85,2.4
"2022-03-25 22:00:00",53.35,-6.26,"few clouds",280.26,88,1.73
"2022-03-25 23:00:00",53.35,-6.26,"few clouds",280.55,86,2.75
"2022-03-26 00:00:00",53.35,-6.26,"few clouds",280.94,84,3.09
"2022-03-26 05:00:00",53.35,-6.26,fog,278.92,85,1.33
"2022-03-26 06:00:00",53.35,-6.26,fog,279.08,85,1.23
"2022-03-26 07:00:00",53.35,-6.26,fog,278.17,88,1.23
"2022-03-26 08:00:00",53.35,-6.26,fog,281.93,84,1.49
"2022-03-26 09:00:00",53.35,-6.26,mist,284.03,82,2.38
"2022-03-26 10:00:00",53.35,-6.26,mist,286.01,75,2.76
"2022-03-26 11:00:00",53.35,-6.26,haze,287.23,68,2.9
"2022-03-26 12:00:00",53.35,-6.26,"few clouds",288.26,61,3.94
"2022-03-26 13:00:00",53.35,-6.26,"few clouds",288.52,58,4.22
"2022-03-26 14:00:00",53.35,-6.26,"few clouds",288.44,57,4.49
"2022-03-26 15:00:00",53.35,-6.26,"clear sky",288.27,52,4.4
"2022-03-26 16:00:00",53.35,-6.26,"clear sky",287.77,52,4.63
"2022-03-26 17:00:00",53.35,-6.26,"clear sky",286.37,63,4.22
"2022-03-26 18:00:00",53.35,-6.26,"clear sky",284.28,73,4.23
"2022-03-26 19:00:00",53.35,-6.26,"clear sky",282.45,76,3.39
"2022-03-26 20:00:00",53.35,-6.26,"clear sky",281.17,80,1.93
"2022-03-26 21:00:00",53.35,-6.26,"clear sky",281.47,81,0.97
"2022-03-26 22:00:00",53.35,-6.26,"few clouds",281.03,82,1.5
"2022-03-26 23:00:00",53.35,-6.26,"few clouds",280.87,82,2.54
"2022-03-27 00:00:00",53.35,-6.26,"few clouds",280.84,83,0.45
"2022-03-27 05:00:00",53.35,-6.26,"clear sky",279.56,86,2.06
"2022-03-27 06:00:00",53.35,-6.26,"few clouds",279.79,87,2.06
"2022-03-27 07:00:00",53.35,-6.26,mist,280.28,88,2.86
"2022-03-27 08:00:00",53.35,-6.26,"scattered clouds",282.33,86,2.67
"2022-03-27 09:00:00",53.35,-6.26,"few clouds",284.49,81,3.6
"2022-03-27 10:00:00",53.35,-6.26,"few clouds",285.15,78,3.84
"2022-03-27 11:00:00",53.35,-6.26,"few clouds",285.36,77,3.84
"2022-03-27 12:00:00",53.35,-6.26,"few clouds",285.69,76,3.82
"2022-03-27 13:00:00",53.35,-6.26,"scattered clouds",286.04,75,3.72
"2022-03-27 14:00:00",53.35,-6.26,"few clouds",285.84,75,4.46
"2022-03-27 15:00:00",53.35,-6.26,"few clouds",286.53,71,4.19
"2022-03-27 16:00:00",53.35,-6.26,"few clouds",286.87,66,3.79
"2022-03-27 17:00:00",53.35,-6.26,"few clouds",286.29,67,4.12
"2022-03-27 18:00:00",53.35,-6.26,"few clouds",284.11,77,4.22
"2022-03-27 19:00:00",53.35,-6.26,"few clouds",282.13,83,3.86
"2022-03-27 20:00:00",53.35,-6.26,"clear sky",281.18,83,3.44
"2022-03-27 21:00:00",53.35,-6.26,"clear sky",280.88,82,2.33
"2022-03-27 22:00:00",53.35,-6.26,"clear sky",280.54,83,1.1
"2022-03-27 23:00:00",53.35,-6.26,"clear sky",279.86,84,1.51
"2022-03-28 00:00:00",53.35,-6.26,"clear sky",279.7,83,1.54
"2022-03-28 05:00:00",53.35,-6.26,fog,277.8,91,1.87
"2022-03-28 06:00:00",53.35,-6.26,fog,278.15,90,2.06
"2022-03-28 07:00:00",53.35,-6.26,fog,277.18,93,1.68
"2022-03-28 08:00:00",53.35,-6.26,fog,279.65,91,1.66
"2022-03-28 09:00:00",53.35,-6.26,"few clouds",283.22,83,0.97
"2022-03-28 10:00:00",53.35,-6.26,"few clouds",285.83,70,1.58
"2022-03-28 11:00:00",53.35,-6.26,"few clouds",287.26,66,1.98
"2022-03-28 12:00:00",53.35,-6.26,"few clouds",288.01,67,2.78
"2022-03-28 13:00:00",53.35,-6.26,"few clouds",288.11,67,3.55
"2022-03-28 14:00:00",53.35,-6.26,"few clouds",287.73,69,4.36
"2022-03-28 15:00:00",53.35,-6.26,"few clouds",287.15,72,4.31
"2022-03-28 16:00:00",53.35,-6.26,"few clouds",286.2,76,4.12
"2022-03-28 17:00:00",53.35,-6.26,"few clouds",285.34,78,4.41
"2022-03-28 18:00:00",53.35,-6.26,"few clouds",284.13,81,3.39
"2022-03-28 19:00:00",53.35,-6.26,"few clouds",282.17,86,2.57
"2022-03-28 20:00:00",53.35,-6.26,"few clouds",280.73,90,2.11
"2022-03-28 21:00:00",53.35,-6.26,"clear sky",280.71,89,1.74
"2022-03-28 22:00:00",53.35,-6.26,"clear sky",279.75,91,1.59
"2022-03-28 23:00:00",53.35,-6.26,fog,280.03,93,1.54
"2022-03-29 00:00:00",53.35,-6.26,fog,280.4,93,1.54
"2022-03-29 05:00:00",53.35,-6.26,fog,280.81,94,1.52
"2022-03-29 06:00:00",53.35,-6.26,fog,281.11,95,2.24
"2022-03-29 07:00:00",53.35,-6.26,fog,281.34,95,2.06
"2022-03-29 08:00:00",53.35,-6.26,fog,281.84,95,2.28
"2022-03-29 09:00:00",53.35,-6.26,mist,282.32,95,2.47
"2022-03-29 10:00:00",53.35,-6.26,mist,282.77,93,3.45
"2022-03-29 11:00:00",53.35,-6.26,mist,283.49,91,3.53
"2022-03-29 12:00:00",53.35,-6.26,mist,284.54,86,3.79
"2022-03-29 13:00:00",53.35,-6.26,"broken clouds",285.47,79,3.93
"2022-03-29 14:00:00",53.35,-6.26,"broken clouds",285.72,77,3.76
"2022-03-29 15:00:00",53.35,-6.26,"broken clouds",285.83,75,3.41
"2022-03-29 16:00:00",53.35,-6.26,"broken clouds",285.53,75,3.6
"2022-03-29 17:00:00",53.35,-6.26,"few clouds",285.02,77,3.12
"2022-03-29 18:00:00",53.35,-6.26,"few clouds",283.91,79,2.62
"2022-03-29 19:00:00",53.35,-6.26,"few clouds",281.78,84,1.99
"2022-03-29 20:00:00",53.35,-6.26,"few clouds",280.45,88,1.79
"2022-03-29 21:00:00",53.35,-6.26,"broken clouds",279.92,91,2.71
"2022-03-29 22:00:00",53.35,-6.26,"broken clouds",280.58,91,2.51
"2022-03-29 23:00:00",53.35,-6.26,"broken clouds",280.67,91,1.18
"2022-03-30 00:00:00",53.35,-6.26,"broken clouds",280.66,89,1.03
"2022-03-30 05:00:00",53.35,-6.26,mist,279.45,89,2.57
"2022-03-30 06:00:00",53.35,-6.26,"broken clouds",280.06,89,3.09
"2022-03-30 07:00:00",53.35,-6.26,mist,280.72,89,3.5
"2022-03-30 08:00:00",53.35,-6.26,mist,280.91,89,5.32
"2022-03-30 09:00:00",53.35,-6.26,mist,280.77,87,6
"2022-03-30 10:00:00",53.35,-6.26,"broken clouds",280.76,84,6.33
"2022-03-30 11:00:00",53.35,-6.26,"broken clouds",280.61,80,7.1
"2022-03-30 12:00:00",53.35,-6.26,"broken clouds",280.68,79,6.94
"2022-03-30 13:00:00",53.35,-6.26,"broken clouds",280.81,77,6.84
"2022-03-30 14:00:00",53.35,-6.26,"broken clouds",280.38,75,7.72
"2022-03-30 15:00:00",53.35,-6.26,"broken clouds",279.73,78,7.89
"2022-03-30 16:00:00",53.35,-6.26,"broken clouds",279.46,75,7.3
"2022-03-30 17:00:00",53.35,-6.26,"broken clouds",279.39,72,7.93
"2022-03-30 18:00:00",53.35,-6.26,"broken clouds",278.33,78,8.57
"2022-03-30 19:00:00",53.35,-6.26,"broken clouds",276.86,84,8.02
"2022-03-30 20:00:00",53.35,-6.26,"light intensity shower rain",276.82,81,5.92
"2022-03-30 21:00:00",53.35,-6.26,"broken clouds",277.48,71,6.48
"2022-03-30 22:00:00",53.35,-6.26,"light rain",276.65,73,6.71
"2022-03-30 23:00:00",53.35,-6.26,"scattered clouds",277.12,67,6.5
"2022-03-31 00:00:00",53.35,-6.26,"scattered clouds",277.12,67,6.71
"2022-03-31 05:00:00",53.35,-6.26,"broken clouds",276.34,68,7.18
"2022-03-31 06:00:00",53.35,-6.26,"broken clouds",276.29,70,7.32
"2022-03-31 07:00:00",53.35,-6.26,"scattered clouds",276.61,71,7.89
"2022-03-31 08:00:00",53.35,-6.26,"broken clouds",277.29,68,7.67
"2022-03-31 09:00:00",53.35,-6.26,"broken clouds",278.33,63,8.23
"2022-03-31 10:00:00",53.35,-6.26,"scattered clouds",278.9,59,8.81
"2022-03-31 11:00:00",53.35,-6.26,"scattered clouds",279.19,54,8.57
"2022-03-31 12:00:00",53.35,-6.26,"broken clouds",279.48,56,7.22
"2022-03-31 13:00:00",53.35,-6.26,"broken clouds",280.31,55,5.9
"2022-03-31 14:00:00",53.35,-6.26,"broken clouds",280.84,52,6.05
"2022-03-31 15:00:00",53.35,-6.26,"broken clouds",281.32,48,5.39
"2022-03-31 16:00:00",53.35,-6.26,"scattered clouds",281.16,50,5.25
"2022-03-31 17:00:00",53.35,-6.26,"scattered clouds",281.08,52,4.68
"2022-03-31 18:00:00",53.35,-6.26,"few clouds",279.85,54,4.19
"2022-03-31 19:00:00",53.35,-6.26,"few clouds",278.57,56,3.81
"2022-03-31 20:00:00",53.35,-6.26,"few clouds",277.47,61,4.57
"2022-03-31 21:00:00",53.35,-6.26,"few clouds",277.08,66,3.47
"2022-03-31 22:00:00",53.35,-6.26,"few clouds",276.23,70,3.96
"2022-03-31 23:00:00",53.35,-6.26,"few clouds",275.2,75,5.25
"2022-04-01 00:00:00",53.35,-6.26,"few clouds",274.48,79,4.63
"2022-04-01 05:00:00",53.35,-6.26,"few clouds",272.73,86,4.87
"2022-04-01 06:00:00",53.35,-6.26,"few clouds",272.97,86,4.94
"2022-04-01 07:00:00",53.35,-6.26,"few clouds",274.02,84,3.74
"2022-04-01 08:00:00",53.35,-6.26,"few clouds",275.8,79,3.91
"2022-04-01 09:00:00",53.35,-6.26,"few clouds",277.77,72,4.44
"2022-04-01 10:00:00",53.35,-6.26,"few clouds",279.09,62,5.49
"2022-04-01 11:00:00",53.35,-6.26,"few clouds",279.91,54,5.66
"2022-04-01 12:00:00",53.35,-6.26,"few clouds",280.71,49,6.08
"2022-04-01 13:00:00",53.35,-6.26,"broken clouds",281.79,48,4.55
"2022-04-01 14:00:00",53.35,-6.26,"broken clouds",281.76,51,4.51
"2022-04-01 15:00:00",53.35,-6.26,"broken clouds",281.32,57,4.78
"2022-04-01 16:00:00",53.35,-6.26,"broken clouds",280.88,65,5.54
"2022-04-01 17:00:00",53.35,-6.26,"moderate rain",279.26,80,5.31
"2022-04-01 18:00:00",53.35,-6.26,"light rain",278.8,87,5.57
"2022-04-01 19:00:00",53.35,-6.26,"light rain",278.69,88,5.94
"2022-04-01 20:00:00",53.35,-6.26,"broken clouds",278.4,87,5.67
"2022-04-01 21:00:00",53.35,-6.26,"light rain",278.27,88,5.25
"2022-04-01 22:00:00",53.35,-6.26,"light rain",278.23,88,4.77
"2022-04-01 23:00:00",53.35,-6.26,"broken clouds",278.08,89,3.55
"2022-04-02 00:00:00",53.35,-6.26,"light rain",278.04,88,3.6
"2022-04-02 05:00:00",53.35,-6.26,"broken clouds",277.54,90,4.63
"2022-04-02 06:00:00",53.35,-6.26,"light intensity drizzle rain",277.44,90,4.9
"2022-04-02 07:00:00",53.35,-6.26,"broken clouds",277.56,90,4.94
"2022-04-02 08:00:00",53.35,-6.26,"light intensity drizzle",278.08,90,5.14
"2022-04-02 09:00:00",53.35,-6.26,"light intensity shower rain",279.12,88,5.23
"2022-04-02 10:00:00",53.35,-6.26,"scattered clouds",280.03,82,4.63
"2022-04-02 11:00:00",53.35,-6.26,"scattered clouds",281.27,72,4.88
"2022-04-02 12:00:00",53.35,-6.26,"scattered clouds",281.75,68,5.09
"2022-04-02 13:00:00",53.35,-6.26,"scattered clouds",281.63,72,6.05
"2022-04-02 14:00:00",53.35,-6.26,"broken clouds",281.52,73,5.96
"2022-04-02 15:00:00",53.35,-6.26,"broken clouds",281.62,70,5.33
"2022-04-02 16:00:00",53.35,-6.26,"broken clouds",281.14,72,5.43
"2022-04-02 17:00:00",53.35,-6.26,"scattered clouds",280.28,73,5.44
"2022-04-02 18:00:00",53.35,-6.26,"scattered clouds",279.52,74,5.26
"2022-04-02 19:00:00",53.35,-6.26,"scattered clouds",278.63,77,3.63
"2022-04-02 20:00:00",53.35,-6.26,"few clouds",277.54,80,1.68
"2022-04-02 21:00:00",53.35,-6.26,"scattered clouds",276.56,83,1.24
"2022-04-02 22:00:00",53.35,-6.26,"few clouds",276.03,85,1.03
"2022-04-02 23:00:00",53.35,-6.26,"few clouds",275.57,86,1.48
"2022-04-03 00:00:00",53.35,-6.26,"few clouds",275.13,86,1.03
"2022-04-03 05:00:00",53.35,-6.26,"few clouds",272.92,91,3.34
"2022-04-03 06:00:00",53.35,-6.26,"few clouds",273.06,92,3.16
"2022-04-03 07:00:00",53.35,-6.26,"few clouds",275.16,89,2.19
"2022-04-03 08:00:00",53.35,-6.26,"scattered clouds",277.64,84,2.83
"2022-04-03 09:00:00",53.35,-6.26,"scattered clouds",279.67,77,4.12
"2022-04-03 10:00:00",53.35,-6.26,"scattered clouds",281.2,70,4.15
"2022-04-03 11:00:00",53.35,-6.26,"scattered clouds",282.18,64,4.63
"2022-04-03 12:00:00",53.35,-6.26,"scattered clouds",282.78,62,5.32
"2022-04-03 13:00:00",53.35,-6.26,"broken clouds",283.87,58,5.93
"2022-04-03 14:00:00",53.35,-6.26,"broken clouds",285.06,55,5.45
"2022-04-03 15:00:00",53.35,-6.26,"scattered clouds",285.41,51,5.93
"2022-04-03 16:00:00",53.35,-6.26,"broken clouds",285.7,51,6.28
"2022-04-03 17:00:00",53.35,-6.26,"broken clouds",285.15,52,7.2
"2022-04-03 18:00:00",53.35,-6.26,"broken clouds",284.54,53,6.77
"2022-04-03 19:00:00",53.35,-6.26,"broken clouds",283.62,64,8.3
"2022-04-03 20:00:00",53.35,-6.26,"broken clouds",282.47,78,6.88
"2022-04-03 21:00:00",53.35,-6.26,"light rain",282.07,83,7.72
"2022-04-03 22:00:00",53.35,-6.26,"light intensity drizzle rain",281.64,89,8.35
"2022-04-03 23:00:00",53.35,-6.26,"light intensity drizzle rain",281.97,91,7.55
"2022-04-04 00:00:00",53.35,-6.26,"broken clouds",282.2,92,7.72
"2022-04-04 05:00:00",53.35,-6.26,"light intensity drizzle",283.58,91,9.77
"2022-04-04 06:00:00",53.35,-6.26,"broken clouds",283.6,91,9.39
"2022-04-04 07:00:00",53.35,-6.26,"broken clouds",283.86,90,8.45
"2022-04-04 08:00:00",53.35,-6.26,"broken clouds",284.18,89,9.12
"2022-04-04 09:00:00",53.35,-6.26,"broken clouds",284.66,89,10.12
"2022-04-04 10:00:00",53.35,-6.26,"broken clouds",285.57,86,10.84
