ID,stationId,weatherTime,status,bike_stands,available_bike_stands,available_bikes,lastUpdate
2,1,"2022-02-22 12:53:29",OPEN,30,12,18,1645534152000
3,2,"2022-02-22 12:53:29",OPEN,20,18,2,1645534249000
4,3,"2022-02-22 12:53:29",OPEN,33,20,13,1645534112000
5,4,"2022-02-22 12:53:29",OPEN,35,22,13,1645534063000
6,5,"2022-02-22 12:53:29",OPEN,40,38,2,1645533938000
7,6,"2022-02-22 12:53:29",OPEN,20,19,1,1645534313000
8,7,"2022-02-22 12:53:29",OPEN,30,19,11,1645534353000
9,8,"2022-02-22 12:53:29",OPEN,30,14,16,1645534169000
10,9,"2022-02-22 12:53:29",OPEN,32,19,13,1645533901000
11,10,"2022-02-22 12:53:29",OPEN,40,27,13,1645533814000
12,11,"2022-02-22 12:53:29",OPEN,30,15,15,1645534178000
13,12,"2022-02-22 12:53:29",OPEN,30,19,11,1645534255000
14,13,"2022-02-22 12:53:29",OPEN,20,6,14,1645533882000
15,14,"2022-02-22 12:53:29",OPEN,40,22,18,1645534229000
16,15,"2022-02-22 12:53:29",OPEN,30,15,15,1645534359000
17,16,"2022-02-22 12:53:29",OPEN,40,21,19,1645533944000
18,17,"2022-02-22 12:53:29",OPEN,30,27,3,1645534228000
19,18,"2022-02-22 12:53:29",OPEN,40,25,15,1645534065000
20,19,"2022-02-22 12:53:29",OPEN,30,27,3,1645533915000
21,20,"2022-02-22 12:53:29",OPEN,38,36,2,1645534390000
22,21,"2022-02-22 12:53:29",OPEN,30,24,6,1645534028000
23,22,"2022-02-22 12:53:29",OPEN,40,28,12,1645534136000
24,23,"2022-02-22 12:53:29",OPEN,30,20,10,1645534389000
25,24,"2022-02-22 12:53:29",OPEN,20,17,3,1645533987000
26,25,"2022-02-22 12:53:29",OPEN,30,16,14,1645534267000
27,26,"2022-02-22 12:53:29",OPEN,40,13,27,1645534275000
28,27,"2022-02-22 12:53:29",OPEN,31,23,8,1645534325000
29,28,"2022-02-22 12:53:29",OPEN,35,26,9,1645533872000
30,29,"2022-02-22 12:53:29",OPEN,40,26,14,1645534375000
31,30,"2022-02-22 12:53:29",OPEN,30,18,12,1645534082000
32,31,"2022-02-22 12:53:29",OPEN,30,12,18,1645534380000
33,32,"2022-02-22 12:53:29",OPEN,24,19,5,1645534334000
34,33,"2022-02-22 12:53:29",OPEN,40,40,0,1645534381000
35,34,"2022-02-22 12:53:29",OPEN,30,16,14,1645534042000
36,35,"2022-02-22 12:53:29",OPEN,36,19,17,1645534021000
37,36,"2022-02-22 12:53:29",OPEN,40,16,24,1645534073000
38,37,"2022-02-22 12:53:29",OPEN,40,24,16,1645534303000
39,38,"2022-02-22 12:53:29",OPEN,40,23,17,1645534295000
40,39,"2022-02-22 12:53:29",OPEN,25,17,8,1645534323000
41,40,"2022-02-22 12:53:29",OPEN,29,20,9,1645534117000
42,41,"2022-02-22 12:53:29",OPEN,30,24,6,1645533938000
43,42,"2022-02-22 12:53:29",OPEN,20,6,14,1645533809000
44,43,"2022-02-22 12:53:29",OPEN,40,25,15,1645534276000
45,44,"2022-02-22 12:53:29",OPEN,30,16,14,1645534350000
46,45,"2022-02-22 12:53:29",OPEN,29,23,6,1645534200000
47,46,"2022-02-22 12:53:29",OPEN,30,30,0,1645534019000
48,47,"2022-02-22 12:53:29",OPEN,40,29,11,1645534254000
49,48,"2022-02-22 12:53:29",OPEN,40,40,0,1645533995000
50,49,"2022-02-22 12:53:29",OPEN,40,25,15,1645534359000
51,50,"2022-02-22 12:53:29",OPEN,40,23,17,1645534269000
52,51,"2022-02-22 12:53:29",OPEN,40,21,19,1645534314000
53,52,"2022-02-22 12:53:29",OPEN,40,28,12,1645534289000
54,53,"2022-02-22 12:53:29",OPEN,30,26,4,1645534339000
55,54,"2022-02-22 12:53:29",OPEN,30,15,15,1645534214000
56,55,"2022-02-22 12:53:29",OPEN,40,33,7,1645534163000
57,56,"2022-02-22 12:53:29",OPEN,40,13,27,1645533881000
58,57,"2022-02-22 12:53:29",OPEN,30,23,7,1645534207000
59,58,"2022-02-22 12:53:29",OPEN,20,6,14,1645534147000
60,59,"2022-02-22 12:53:29",OPEN,20,15,5,1645534193000
61,60,"2022-02-22 12:53:29",OPEN,30,26,4,1645533951000
62,61,"2022-02-22 12:53:29",OPEN,22,10,12,1645534166000
63,62,"2022-02-22 12:53:29",OPEN,38,29,9,1645534272000
64,63,"2022-02-22 12:53:29",OPEN,40,34,6,1645534179000
65,64,"2022-02-22 12:53:29",OPEN,27,19,8,1645534160000
66,65,"2022-02-22 12:53:29",OPEN,40,18,22,1645534373000
67,66,"2022-02-22 12:53:29",OPEN,30,21,9,1645534340000
68,67,"2022-02-22 12:53:29",OPEN,40,24,16,1645534013000
69,68,"2022-02-22 12:53:29",OPEN,30,12,18,1645533891000
70,69,"2022-02-22 12:53:29",OPEN,20,19,1,1645534009000
71,70,"2022-02-22 12:53:29",OPEN,40,32,8,1645534003000
72,71,"2022-02-22 12:53:29",OPEN,40,29,11,1645534297000
73,72,"2022-02-22 12:53:29",OPEN,36,19,17,1645534215000
74,73,"2022-02-22 12:53:29",OPEN,40,14,26,1645534300000
75,74,"2022-02-22 12:53:29",OPEN,40,32,8,1645534073000
76,75,"2022-02-22 12:53:29",OPEN,20,11,9,1645534031000
77,76,"2022-02-22 12:53:29",OPEN,40,20,20,1645534282000
78,77,"2022-02-22 12:53:29",OPEN,40,30,10,1645533941000
79,78,"2022-02-22 12:53:29",OPEN,20,19,1,1645534231000
80,79,"2022-02-22 12:53:29",OPEN,30,11,19,1645534331000
81,80,"2022-02-22 12:53:29",OPEN,40,18,22,1645534308000
82,81,"2022-02-22 12:53:29",OPEN,20,13,7,1645533894000
83,82,"2022-02-22 12:53:29",OPEN,40,18,22,1645534357000
84,83,"2022-02-22 12:53:29",OPEN,40,22,17,1645534253000
85,84,"2022-02-22 12:53:29",OPEN,20,13,7,1645534394000
86,85,"2022-02-22 12:53:29",OPEN,40,31,9,1645534048000
87,86,"2022-02-22 12:53:29",OPEN,16,12,4,1645534358000
88,87,"2022-02-22 12:53:29",OPEN,38,36,2,1645534046000
89,88,"2022-02-22 12:53:29",OPEN,16,6,10,1645534125000
90,89,"2022-02-22 12:53:29",OPEN,25,25,0,1645534002000
91,90,"2022-02-22 12:53:29",OPEN,20,1,19,1645534375000
92,91,"2022-02-22 12:53:29",OPEN,40,30,9,1645534048000
93,92,"2022-02-22 12:53:29",OPEN,29,13,16,1645533946000
94,93,"2022-02-22 12:53:29",OPEN,35,23,12,1645534317000
95,94,"2022-02-22 12:53:29",OPEN,40,28,12,1645533962000
96,95,"2022-02-22 12:53:29",OPEN,23,6,17,1645534354000
97,96,"2022-02-22 12:53:29",OPEN,30,20,10,1645534049000
98,97,"2022-02-22 12:53:29",OPEN,40,28,12,1645533953000
99,98,"2022-02-22 12:53:29",OPEN,23,15,8,1645533903000
100,99,"2022-02-22 12:53:29",OPEN,40,25,15,1645534230000
101,100,"2022-02-22 12:53:29",OPEN,20,19,1,1645534302000
102,101,"2022-02-22 12:53:29",OPEN,20,9,11,1645534315000
103,102,"2022-02-22 12:53:29",OPEN,21,1,20,1645534040000
104,103,"2022-02-22 12:53:29",OPEN,29,14,15,1645534051000
105,104,"2022-02-22 12:53:29",OPEN,40,10,30,1645533952000
106,105,"2022-02-22 12:53:29",OPEN,30,24,6,1645534263000
107,106,"2022-02-22 12:53:29",OPEN,20,5,15,1645534290000
108,107,"2022-02-22 12:53:29",OPEN,40,24,16,1645534234000
109,108,"2022-02-22 12:53:29",OPEN,40,26,14,1645533987000
110,109,"2022-02-22 12:53:29",OPEN,30,16,14,1645534260000
111,110,"2022-02-22 12:53:29",OPEN,30,9,21,1645534315000
112,1,"2022-02-22 12:55:30",OPEN,30,13,17,1645534476000
113,2,"2022-02-22 12:55:30",OPEN,20,18,2,1645534249000
114,3,"2022-02-22 12:55:30",OPEN,33,20,13,1645534112000
115,4,"2022-02-22 12:55:30",OPEN,35,22,13,1645534063000
116,5,"2022-02-22 12:55:30",OPEN,40,37,3,1645534485000
117,6,"2022-02-22 12:55:30",OPEN,20,19,1,1645534313000
118,7,"2022-02-22 12:55:30",OPEN,30,19,11,1645534353000
119,8,"2022-02-22 12:55:30",OPEN,30,11,19,1645534494000
120,9,"2022-02-22 12:55:30",OPEN,32,19,13,1645534507000
121,10,"2022-02-22 12:55:30",OPEN,40,27,13,1645534421000
122,11,"2022-02-22 12:55:30",OPEN,30,15,15,1645534178000
123,12,"2022-02-22 12:55:30",OPEN,30,19,11,1645534255000
124,13,"2022-02-22 12:55:30",OPEN,20,6,14,1645534489000
125,14,"2022-02-22 12:55:30",OPEN,40,22,18,1645534229000
126,15,"2022-02-22 12:55:30",OPEN,30,14,16,1645534411000
127,16,"2022-02-22 12:55:30",OPEN,40,21,19,1645533944000
128,17,"2022-02-22 12:55:30",OPEN,30,27,3,1645534228000
129,18,"2022-02-22 12:55:30",OPEN,40,25,15,1645534065000
130,19,"2022-02-22 12:55:30",OPEN,30,27,3,1645533915000
131,20,"2022-02-22 12:55:30",OPEN,38,36,2,1645534390000
132,21,"2022-02-22 12:55:30",OPEN,30,24,6,1645534028000
133,22,"2022-02-22 12:55:30",OPEN,40,28,12,1645534136000
134,23,"2022-02-22 12:55:30",OPEN,30,21,9,1645534416000
135,24,"2022-02-22 12:55:30",OPEN,20,17,3,1645533987000
136,25,"2022-02-22 12:55:30",OPEN,30,16,14,1645534267000
137,26,"2022-02-22 12:55:30",OPEN,40,14,26,1645534440000
138,27,"2022-02-22 12:55:30",OPEN,31,23,8,1645534325000
139,28,"2022-02-22 12:55:30",OPEN,35,26,9,1645534478000
140,29,"2022-02-22 12:55:30",OPEN,40,26,14,1645534375000
141,30,"2022-02-22 12:55:30",OPEN,30,19,11,1645534477000
142,31,"2022-02-22 12:55:30",OPEN,30,12,18,1645534380000
143,32,"2022-02-22 12:55:30",OPEN,24,19,5,1645534334000
144,33,"2022-02-22 12:55:30",OPEN,40,40,0,1645534381000
145,34,"2022-02-22 12:55:30",OPEN,30,16,14,1645534042000
146,35,"2022-02-22 12:55:30",OPEN,36,19,17,1645534021000
147,36,"2022-02-22 12:55:30",OPEN,40,16,24,1645534073000
148,37,"2022-02-22 12:55:30",OPEN,40,24,16,1645534303000
149,38,"2022-02-22 12:55:30",OPEN,40,23,17,1645534295000
150,39,"2022-02-22 12:55:30",OPEN,25,17,8,1645534323000
151,40,"2022-02-22 12:55:30",OPEN,29,20,9,1645534117000
152,41,"2022-02-22 12:55:30",OPEN,30,24,6,1645533938000
153,42,"2022-02-22 12:55:30",OPEN,20,6,14,1645534415000
154,43,"2022-02-22 12:55:30",OPEN,40,25,15,1645534276000
155,44,"2022-02-22 12:55:30",OPEN,30,14,16,1645534514000
156,45,"2022-02-22 12:55:30",OPEN,29,23,6,1645534200000
157,46,"2022-02-22 12:55:30",OPEN,30,30,0,1645534019000
158,47,"2022-02-22 12:55:30",OPEN,40,29,11,1645534254000
159,48,"2022-02-22 12:55:30",OPEN,40,40,0,1645533995000
160,49,"2022-02-22 12:55:30",OPEN,40,25,15,1645534359000
161,50,"2022-02-22 12:55:30",OPEN,40,23,17,1645534269000
162,51,"2022-02-22 12:55:30",OPEN,40,20,20,1645534484000
163,52,"2022-02-22 12:55:30",OPEN,40,28,12,1645534289000
164,53,"2022-02-22 12:55:30",OPEN,30,26,4,1645534339000
165,54,"2022-02-22 12:55:30",OPEN,30,15,15,1645534214000
166,55,"2022-02-22 12:55:30",OPEN,40,33,7,1645534163000
167,56,"2022-02-22 12:55:30",OPEN,40,13,27,1645534487000
168,57,"2022-02-22 12:55:30",OPEN,30,21,9,1645534469000
169,58,"2022-02-22 12:55:30",OPEN,20,6,14,1645534147000
170,59,"2022-02-22 12:55:30",OPEN,20,15,5,1645534193000
171,60,"2022-02-22 12:55:30",OPEN,30,26,4,1645533951000
172,61,"2022-02-22 12:55:30",OPEN,22,10,12,1645534166000
173,62,"2022-02-22 12:55:30",OPEN,38,29,9,1645534272000
174,63,"2022-02-22 12:55:30",OPEN,40,34,6,1645534179000
175,64,"2022-02-22 12:55:30",OPEN,27,19,8,1645534160000
176,65,"2022-02-22 12:55:30",OPEN,40,18,22,1645534373000
177,66,"2022-02-22 12:55:30",OPEN,30,21,9,1645534340000
178,67,"2022-02-22 12:55:30",OPEN,40,23,17,1645534475000
179,68,"2022-02-22 12:55:30",OPEN,30,12,18,1645534497000
180,69,"2022-02-22 12:55:30",OPEN,20,19,1,1645534009000
181,70,"2022-02-22 12:55:30",OPEN,40,32,8,1645534003000
182,71,"2022-02-22 12:55:30",OPEN,40,29,11,1645534297000
183,72,"2022-02-22 12:55:30",OPEN,36,19,17,1645534215000
184,73,"2022-02-22 12:55:30",OPEN,40,14,26,1645534300000
185,74,"2022-02-22 12:55:30",OPEN,40,32,8,1645534073000
186,75,"2022-02-22 12:55:30",OPEN,20,10,10,1645534491000
187,76,"2022-02-22 12:55:30",OPEN,40,19,21,1645534476000
188,77,"2022-02-22 12:55:30",OPEN,40,30,10,1645533941000
189,78,"2022-02-22 12:55:30",OPEN,20,20,0,1645534435000
190,79,"2022-02-22 12:55:30",OPEN,30,11,19,1645534331000
191,80,"2022-02-22 12:55:30",OPEN,40,18,22,1645534308000
192,81,"2022-02-22 12:55:30",OPEN,20,13,7,1645534500000
193,82,"2022-02-22 12:55:30",OPEN,40,18,22,1645534357000
194,83,"2022-02-22 12:55:30",OPEN,40,22,17,1645534253000
195,84,"2022-02-22 12:55:30",OPEN,20,13,7,1645534394000
196,85,"2022-02-22 12:55:30",OPEN,40,31,9,1645534048000
197,86,"2022-02-22 12:55:30",OPEN,16,12,4,1645534358000
198,87,"2022-02-22 12:55:30",OPEN,38,36,2,1645534046000
199,88,"2022-02-22 12:55:30",OPEN,16,6,10,1645534125000
200,89,"2022-02-22 12:55:30",OPEN,25,25,0,1645534002000
201,90,"2022-02-22 12:55:30",OPEN,20,1,19,1645534375000
202,91,"2022-02-22 12:55:30",OPEN,40,30,9,1645534048000
203,92,"2022-02-22 12:55:30",OPEN,29,13,16,1645533946000
204,93,"2022-02-22 12:55:30",OPEN,35,23,12,1645534317000
205,94,"2022-02-22 12:55:30",OPEN,40,29,11,1645534464000
206,95,"2022-02-22 12:55:30",OPEN,23,6,17,1645534354000
207,96,"2022-02-22 12:55:30",OPEN,30,20,10,1645534049000
208,97,"2022-02-22 12:55:30",OPEN,40,27,13,1645534440000
209,98,"2022-02-22 12:55:30",OPEN,23,15,8,1645534509000
210,99,"2022-02-22 12:55:30",OPEN,40,25,15,1645534230000
211,100,"2022-02-22 12:55:30",OPEN,20,19,1,1645534302000
212,101,"2022-02-22 12:55:30",OPEN,20,9,11,1645534315000
213,102,"2022-02-22 12:55:30",OPEN,21,1,20,1645534040000
214,103,"2022-02-22 12:55:30",OPEN,29,16,13,1645534515000
215,104,"2022-02-22 12:55:30",OPEN,40,10,30,1645533952000
216,105,"2022-02-22 12:55:30",OPEN,30,24,6,1645534263000
217,106,"2022-02-22 12:55:30",OPEN,20,5,15,1645534290000
218,107,"2022-02-22 12:55:30",OPEN,40,24,16,1645534234000
219,108,"2022-02-22 12:55:30",OPEN,40,26,14,1645533987000
220,109,"2022-02-22 12:55:30",OPEN,30,15,15,1645534456000
221,110,"2022-02-22 12:55:30",OPEN,30,9,21,1645534315000
222,1,"2022-02-24 10:56:43",OPEN,30,17,13,1645700065000
223,2,"2022-02-24 10:56:43",OPEN,20,18,2,1645699970000
224,3,"2022-02-24 10:56:43",OPEN,33,20,13,1645699726000
225,4,"2022-02-24 10:56:43",OPEN,35,29,6,1645699745000
226,5,"2022-02-24 10:56:43",OPEN,40,28,11,1645700130000
227,6,"2022-02-24 10:56:43",OPEN,20,10,10,1645700086000
228,7,"2022-02-24 10:56:43",OPEN,30,5,25,1645700026000
229,8,"2022-02-24 10:56:43",OPEN,30,15,15,1645700137000
230,9,"2022-02-24 10:56:43",OPEN,32,29,3,1645700148000
231,10,"2022-02-24 10:56:43",OPEN,40,16,24,1645699982000
232,11,"2022-02-24 10:56:43",OPEN,30,22,8,1645699601000
233,12,"2022-02-24 10:56:43",OPEN,30,30,0,1645700070000
234,13,"2022-02-24 10:56:43",OPEN,20,13,7,1645699571000
235,14,"2022-02-24 10:56:43",OPEN,40,16,24,1645699908000
236,15,"2022-02-24 10:56:43",OPEN,30,15,15,1645700093000
237,16,"2022-02-24 10:56:43",OPEN,40,30,10,1645699571000
238,17,"2022-02-24 10:56:43",OPEN,30,30,0,1645699584000
239,18,"2022-02-24 10:56:43",OPEN,40,7,33,1645700154000
240,19,"2022-02-24 10:56:43",OPEN,30,30,0,1645699738000
241,20,"2022-02-24 10:56:43",OPEN,38,24,14,1645699838000
242,21,"2022-02-24 10:56:43",OPEN,30,24,6,1645700131000
243,22,"2022-02-24 10:56:43",OPEN,40,20,20,1645699803000
244,23,"2022-02-24 10:56:43",OPEN,30,18,12,1645700093000
245,24,"2022-02-24 10:56:43",OPEN,20,18,2,1645699618000
246,25,"2022-02-24 10:56:43",OPEN,30,12,18,1645700096000
247,26,"2022-02-24 10:56:43",OPEN,40,7,33,1645699989000
248,27,"2022-02-24 10:56:43",OPEN,31,13,18,1645699840000
249,28,"2022-02-24 10:56:43",OPEN,35,25,10,1645700056000
250,29,"2022-02-24 10:56:43",OPEN,40,12,28,1645699889000
251,30,"2022-02-24 10:56:43",OPEN,30,24,6,1645700017000
252,31,"2022-02-24 10:56:43",OPEN,30,5,25,1645699572000
253,32,"2022-02-24 10:56:43",OPEN,24,9,15,1645699841000
254,33,"2022-02-24 10:56:43",OPEN,40,30,10,1645700119000
255,34,"2022-02-24 10:56:43",OPEN,30,22,8,1645699585000
256,35,"2022-02-24 10:56:43",OPEN,36,24,12,1645699601000
257,36,"2022-02-24 10:56:43",OPEN,40,21,18,1645699699000
258,37,"2022-02-24 10:56:43",OPEN,40,26,14,1645699825000
259,38,"2022-02-24 10:56:43",OPEN,40,31,9,1645700128000
260,39,"2022-02-24 10:56:43",OPEN,25,25,0,1645699851000
261,40,"2022-02-24 10:56:43",OPEN,29,15,14,1645700127000
262,41,"2022-02-24 10:56:43",OPEN,30,28,2,1645699644000
263,42,"2022-02-24 10:56:43",OPEN,20,6,14,1645699955000
264,43,"2022-02-24 10:56:43",OPEN,40,26,14,1645699821000
265,44,"2022-02-24 10:56:43",OPEN,30,6,24,1645699673000
266,45,"2022-02-24 10:56:43",OPEN,29,19,10,1645700080000
267,46,"2022-02-24 10:56:43",OPEN,30,30,0,1645699664000
268,47,"2022-02-24 10:56:43",OPEN,40,31,9,1645699577000
269,48,"2022-02-24 10:56:43",OPEN,40,39,1,1645699699000
270,49,"2022-02-24 10:56:43",OPEN,40,15,25,1645700017000
271,50,"2022-02-24 10:56:43",OPEN,40,7,33,1645699983000
272,51,"2022-02-24 10:56:43",OPEN,40,9,31,1645700115000
273,52,"2022-02-24 10:56:43",OPEN,40,30,10,1645700134000
274,53,"2022-02-24 10:56:43",OPEN,30,16,14,1645700069000
275,54,"2022-02-24 10:56:43",OPEN,30,18,12,1645699873000
276,55,"2022-02-24 10:56:43",OPEN,40,33,6,1645700169000
277,56,"2022-02-24 10:56:43",OPEN,40,1,37,1645700146000
278,57,"2022-02-24 10:56:43",OPEN,30,12,18,1645700110000
279,58,"2022-02-24 10:56:43",OPEN,20,1,17,1645700119000
280,59,"2022-02-24 10:56:43",OPEN,20,8,12,1645700104000
281,60,"2022-02-24 10:56:43",OPEN,30,19,11,1645699791000
282,61,"2022-02-24 10:56:43",OPEN,22,14,8,1645700042000
283,62,"2022-02-24 10:56:43",OPEN,38,36,2,1645699799000
284,63,"2022-02-24 10:56:43",OPEN,40,34,6,1645699578000
285,64,"2022-02-24 10:56:43",OPEN,27,27,0,1645699944000
286,65,"2022-02-24 10:56:43",OPEN,40,9,29,1645699845000
287,66,"2022-02-24 10:56:43",OPEN,30,10,20,1645699997000
288,67,"2022-02-24 10:56:43",OPEN,40,33,7,1645699914000
289,68,"2022-02-24 10:56:43",OPEN,30,19,11,1645699963000
290,69,"2022-02-24 10:56:43",OPEN,20,20,0,1645699785000
291,70,"2022-02-24 10:56:43",OPEN,40,38,2,1645699825000
292,71,"2022-02-24 10:56:43",OPEN,40,32,8,1645699767000
293,72,"2022-02-24 10:56:43",OPEN,36,18,18,1645699721000
294,73,"2022-02-24 10:56:43",OPEN,40,18,22,1645700088000
295,74,"2022-02-24 10:56:43",OPEN,40,40,0,1645700082000
296,75,"2022-02-24 10:56:43",OPEN,20,14,6,1645699905000
297,76,"2022-02-24 10:56:43",OPEN,40,27,13,1645699929000
298,77,"2022-02-24 10:56:43",OPEN,40,24,16,1645699775000
299,78,"2022-02-24 10:56:43",OPEN,20,12,8,1645699691000
300,79,"2022-02-24 10:56:43",OPEN,30,22,8,1645699897000
301,80,"2022-02-24 10:56:43",OPEN,40,10,30,1645699654000
302,81,"2022-02-24 10:56:43",OPEN,20,20,0,1645699711000
303,82,"2022-02-24 10:56:43",OPEN,40,30,10,1645699902000
304,83,"2022-02-24 10:56:43",OPEN,40,40,0,1645700101000
305,84,"2022-02-24 10:56:43",OPEN,20,9,11,1645699842000
306,85,"2022-02-24 10:56:43",OPEN,40,19,21,1645700073000
307,86,"2022-02-24 10:56:43",OPEN,16,16,0,1645699954000
308,87,"2022-02-24 10:56:43",OPEN,38,38,0,1645699933000
309,88,"2022-02-24 10:56:43",OPEN,16,0,16,1645700172000
310,89,"2022-02-24 10:56:43",OPEN,25,25,0,1645700109000
311,90,"2022-02-24 10:56:43",OPEN,20,8,12,1645699602000
312,91,"2022-02-24 10:56:43",OPEN,40,24,16,1645700174000
313,92,"2022-02-24 10:56:43",OPEN,29,10,19,1645699767000
314,93,"2022-02-24 10:56:43",OPEN,35,29,6,1645700077000
315,94,"2022-02-24 10:56:43",OPEN,40,16,24,1645700110000
316,95,"2022-02-24 10:56:43",OPEN,23,14,9,1645699925000
317,96,"2022-02-24 10:56:43",OPEN,30,21,9,1645699936000
318,97,"2022-02-24 10:56:43",OPEN,40,23,17,1645699641000
319,98,"2022-02-24 10:56:43",OPEN,23,15,8,1645699641000
320,99,"2022-02-24 10:56:43",OPEN,40,21,19,1645699877000
321,100,"2022-02-24 10:56:43",OPEN,20,4,16,1645700161000
322,101,"2022-02-24 10:56:43",OPEN,20,13,7,1645699823000
323,102,"2022-02-24 10:56:43",OPEN,21,11,10,1645700034000
324,103,"2022-02-24 10:56:43",OPEN,29,13,16,1645699699000
325,104,"2022-02-24 10:56:43",OPEN,40,23,17,1645700169000
326,105,"2022-02-24 10:56:43",OPEN,30,30,0,1645699631000
327,106,"2022-02-24 10:56:43",OPEN,20,1,19,1645700129000
328,107,"2022-02-24 10:56:43",OPEN,40,30,10,1645700075000
329,108,"2022-02-24 10:56:43",OPEN,40,26,14,1645699868000
330,109,"2022-02-24 10:56:43",OPEN,30,0,30,1645699963000
331,110,"2022-02-24 10:56:43",OPEN,30,20,10,1645699647000
332,1,"2022-03-01 09:16:10",OPEN,30,5,25,1646126046000
333,2,"2022-03-01 09:16:10",OPEN,20,10,10,1646125532000
334,3,"2022-03-01 09:16:10",OPEN,33,30,3,1646125580000
335,4,"2022-03-01 09:16:10",OPEN,35,31,4,1646125836000
336,5,"2022-03-01 09:16:10",OPEN,40,20,18,1646125680000
337,6,"2022-03-01 09:16:10",OPEN,20,14,6,1646126109000
338,7,"2022-03-01 09:16:10",OPEN,30,21,9,1646125533000
339,8,"2022-03-01 09:16:10",OPEN,30,14,16,1646125963000
340,9,"2022-03-01 09:16:10",OPEN,32,7,25,1646125538000
341,10,"2022-03-01 09:16:10",OPEN,40,14,26,1646125723000
342,11,"2022-03-01 09:16:10",OPEN,30,8,22,1646125871000
343,12,"2022-03-01 09:16:10",OPEN,30,30,0,1646126035000
344,13,"2022-03-01 09:16:10",OPEN,20,1,18,1646125630000
345,14,"2022-03-01 09:16:10",OPEN,40,6,34,1646125909000
346,15,"2022-03-01 09:16:10",OPEN,30,17,13,1646125829000
347,16,"2022-03-01 09:16:10",OPEN,40,27,13,1646125544000
348,17,"2022-03-01 09:16:10",OPEN,30,30,0,1646125696000
349,18,"2022-03-01 09:16:10",OPEN,40,0,39,1646126001000
350,19,"2022-03-01 09:16:10",OPEN,30,23,7,1646126070000
351,20,"2022-03-01 09:16:10",OPEN,38,38,0,1646125925000
352,21,"2022-03-01 09:16:10",OPEN,30,16,14,1646125955000
353,22,"2022-03-01 09:16:10",OPEN,40,10,30,1646126019000
354,23,"2022-03-01 09:16:10",OPEN,30,16,14,1646126038000
355,24,"2022-03-01 09:16:10",OPEN,20,18,2,1646125704000
356,25,"2022-03-01 09:16:10",OPEN,30,15,15,1646126097000
357,26,"2022-03-01 09:16:10",OPEN,40,0,40,1646126099000
358,27,"2022-03-01 09:16:10",OPEN,31,17,14,1646125840000
359,28,"2022-03-01 09:16:10",OPEN,35,4,31,1646126019000
360,29,"2022-03-01 09:16:10",OPEN,40,23,17,1646125997000
361,30,"2022-03-01 09:16:10",OPEN,30,14,15,1646125925000
362,31,"2022-03-01 09:16:10",OPEN,30,17,12,1646126106000
363,32,"2022-03-01 09:16:10",OPEN,24,16,8,1646126070000
364,33,"2022-03-01 09:16:10",OPEN,40,30,10,1646125919000
365,34,"2022-03-01 09:16:10",OPEN,30,23,7,1646125948000
366,35,"2022-03-01 09:16:10",OPEN,36,21,15,1646125780000
367,36,"2022-03-01 09:16:10",OPEN,40,16,24,1646125785000
368,37,"2022-03-01 09:16:10",OPEN,40,40,0,1646125952000
369,38,"2022-03-01 09:16:10",OPEN,40,30,9,1646125851000
370,39,"2022-03-01 09:16:10",OPEN,25,24,1,1646125874000
371,40,"2022-03-01 09:16:10",OPEN,29,18,11,1646125984000
372,41,"2022-03-01 09:16:10",OPEN,30,28,2,1646125986000
373,42,"2022-03-01 09:16:10",OPEN,20,3,17,1646126066000
374,43,"2022-03-01 09:16:10",OPEN,40,31,9,1646125952000
375,44,"2022-03-01 09:16:10",OPEN,30,6,22,1646125992000
376,45,"2022-03-01 09:16:10",OPEN,29,25,3,1646125563000
377,46,"2022-03-01 09:16:10",OPEN,30,15,15,1646125945000
378,47,"2022-03-01 09:16:10",OPEN,40,31,9,1646125778000
379,48,"2022-03-01 09:16:10",OPEN,40,23,17,1646125933000
380,49,"2022-03-01 09:16:10",OPEN,40,21,19,1646126070000
381,50,"2022-03-01 09:16:10",OPEN,40,4,35,1646125936000
382,51,"2022-03-01 09:16:10",OPEN,40,37,3,1646126006000
383,52,"2022-03-01 09:16:10",OPEN,40,30,10,1646125794000
384,53,"2022-03-01 09:16:10",OPEN,30,19,11,1646125678000
385,54,"2022-03-01 09:16:10",OPEN,30,14,14,1646125528000
386,55,"2022-03-01 09:16:10",OPEN,40,33,7,1646125809000
387,56,"2022-03-01 09:16:10",OPEN,40,9,31,1646125729000
388,57,"2022-03-01 09:16:10",OPEN,30,23,6,1646126069000
389,58,"2022-03-01 09:16:10",OPEN,20,1,19,1646125826000
390,59,"2022-03-01 09:16:10",OPEN,20,4,16,1646125530000
391,60,"2022-03-01 09:16:10",OPEN,30,21,9,1646125801000
392,61,"2022-03-01 09:16:10",OPEN,22,14,8,1646126087000
393,62,"2022-03-01 09:16:10",OPEN,38,38,0,1646126102000
394,63,"2022-03-01 09:16:10",OPEN,40,28,12,1646125693000
395,64,"2022-03-01 09:16:10",OPEN,27,21,5,1646125894000
396,65,"2022-03-01 09:16:10",OPEN,40,6,34,1646126053000
397,66,"2022-03-01 09:16:10",OPEN,30,17,13,1646126111000
398,67,"2022-03-01 09:16:10",OPEN,40,26,14,1646125764000
399,68,"2022-03-01 09:16:10",OPEN,30,18,11,1646125652000
400,69,"2022-03-01 09:16:10",OPEN,20,18,2,1646125906000
401,70,"2022-03-01 09:16:10",OPEN,40,6,34,1646125805000
402,71,"2022-03-01 09:16:10",OPEN,40,40,0,1646126066000
403,72,"2022-03-01 09:16:10",OPEN,36,28,8,1646126084000
404,73,"2022-03-01 09:16:10",OPEN,40,26,14,1646126085000
405,74,"2022-03-01 09:16:10",OPEN,40,40,0,1646125692000
406,75,"2022-03-01 09:16:10",OPEN,20,7,11,1646125936000
407,76,"2022-03-01 09:16:10",OPEN,40,13,27,1646125648000
408,77,"2022-03-01 09:16:10",OPEN,40,35,5,1646125605000
409,78,"2022-03-01 09:16:10",OPEN,20,20,0,1646125654000
410,79,"2022-03-01 09:16:10",OPEN,30,27,3,1646126087000
411,80,"2022-03-01 09:16:10",OPEN,40,35,5,1646125677000
412,81,"2022-03-01 09:16:10",OPEN,20,20,0,1646125573000
413,82,"2022-03-01 09:16:10",OPEN,40,25,15,1646125895000
414,83,"2022-03-01 09:16:10",OPEN,40,38,2,1646125535000
415,84,"2022-03-01 09:16:10",OPEN,20,3,17,1646125970000
416,85,"2022-03-01 09:16:10",OPEN,40,33,7,1646126051000
417,86,"2022-03-01 09:16:10",OPEN,16,10,6,1646126005000
418,87,"2022-03-01 09:16:10",OPEN,38,38,0,1646125981000
419,88,"2022-03-01 09:16:10",OPEN,16,1,15,1646126071000
420,89,"2022-03-01 09:16:10",OPEN,25,24,1,1646125790000
421,90,"2022-03-01 09:16:10",OPEN,20,5,15,1646125827000
422,91,"2022-03-01 09:16:10",OPEN,40,22,17,1646125952000
423,92,"2022-03-01 09:16:10",OPEN,29,14,15,1646126069000
424,93,"2022-03-01 09:16:10",OPEN,35,27,8,1646125833000
425,94,"2022-03-01 09:16:10",OPEN,40,28,12,1646126083000
426,95,"2022-03-01 09:16:10",OPEN,23,0,22,1646125898000
427,96,"2022-03-01 09:16:10",OPEN,30,28,2,1646125900000
428,97,"2022-03-01 09:16:10",OPEN,40,29,11,1646125859000
429,98,"2022-03-01 09:16:10",OPEN,23,19,4,1646125736000
430,99,"2022-03-01 09:16:10",OPEN,40,27,13,1646126002000
431,100,"2022-03-01 09:16:10",OPEN,20,20,0,1646125755000
432,101,"2022-03-01 09:16:10",OPEN,20,1,19,1646126066000
433,102,"2022-03-01 09:16:10",OPEN,21,13,8,1646126111000
434,103,"2022-03-01 09:16:10",OPEN,29,17,11,1646126100000
435,104,"2022-03-01 09:16:10",OPEN,40,38,2,1646125535000
436,105,"2022-03-01 09:16:10",OPEN,30,26,4,1646126113000
437,106,"2022-03-01 09:16:10",OPEN,20,13,7,1646126004000
438,107,"2022-03-01 09:16:10",OPEN,40,26,14,1646125851000
439,108,"2022-03-01 09:16:10",OPEN,40,36,3,1646125738000
440,109,"2022-03-01 09:16:10",OPEN,30,11,19,1646125946000
441,110,"2022-03-01 09:16:10",OPEN,30,27,3,1646125645000
442,1,"2022-03-01 09:30:03",OPEN,30,6,24,1646126951000
443,2,"2022-03-01 09:30:03",OPEN,20,8,12,1646126826000
444,3,"2022-03-01 09:30:03",OPEN,33,31,2,1646126757000
445,4,"2022-03-01 09:30:03",OPEN,35,31,4,1646126443000
446,5,"2022-03-01 09:30:03",OPEN,40,20,18,1646126904000
447,6,"2022-03-01 09:30:03",OPEN,20,15,5,1646126744000
448,7,"2022-03-01 09:30:03",OPEN,30,23,7,1646126563000
449,8,"2022-03-01 09:30:03",OPEN,30,13,17,1646126751000
450,9,"2022-03-01 09:30:03",OPEN,32,3,29,1646126953000
451,10,"2022-03-01 09:30:03",OPEN,40,13,27,1646126850000
452,11,"2022-03-01 09:30:03",OPEN,30,8,22,1646126476000
453,12,"2022-03-01 09:30:03",OPEN,30,30,0,1646126641000
454,13,"2022-03-01 09:30:03",OPEN,20,0,19,1646126593000
455,14,"2022-03-01 09:30:03",OPEN,40,6,34,1646126410000
456,15,"2022-03-01 09:30:03",OPEN,30,24,6,1646126776000
457,16,"2022-03-01 09:30:03",OPEN,40,27,13,1646126755000
458,17,"2022-03-01 09:30:03",OPEN,30,30,0,1646126908000
459,18,"2022-03-01 09:30:03",OPEN,40,2,37,1646126940000
460,19,"2022-03-01 09:30:03",OPEN,30,23,7,1646126676000
461,20,"2022-03-01 09:30:03",OPEN,38,38,0,1646126531000
462,21,"2022-03-01 09:30:03",OPEN,30,16,14,1646126562000
463,22,"2022-03-01 09:30:03",OPEN,40,18,22,1646126794000
464,23,"2022-03-01 09:30:03",OPEN,30,15,15,1646126758000
465,24,"2022-03-01 09:30:03",OPEN,20,17,3,1646126414000
466,25,"2022-03-01 09:30:03",OPEN,30,14,16,1646126872000
467,26,"2022-03-01 09:30:03",OPEN,40,0,40,1646126897000
468,27,"2022-03-01 09:30:03",OPEN,31,17,14,1646126447000
469,28,"2022-03-01 09:30:03",OPEN,35,4,31,1646126425000
470,29,"2022-03-01 09:30:03",OPEN,40,23,17,1646126603000
471,30,"2022-03-01 09:30:03",OPEN,30,15,14,1646126509000
472,31,"2022-03-01 09:30:03",OPEN,30,15,15,1646126855000
473,32,"2022-03-01 09:30:03",OPEN,24,16,8,1646126496000
474,33,"2022-03-01 09:30:03",OPEN,40,35,5,1646126857000
475,34,"2022-03-01 09:30:03",OPEN,30,23,7,1646126554000
476,35,"2022-03-01 09:30:03",OPEN,36,21,15,1646126386000
477,36,"2022-03-01 09:30:03",OPEN,40,15,25,1646126948000
478,37,"2022-03-01 09:30:03",OPEN,40,39,1,1646126758000
479,38,"2022-03-01 09:30:03",OPEN,40,31,9,1646126890000
480,39,"2022-03-01 09:30:03",OPEN,25,24,1,1646126481000
481,40,"2022-03-01 09:30:03",OPEN,29,18,11,1646126883000
482,41,"2022-03-01 09:30:03",OPEN,30,29,1,1646126479000
483,42,"2022-03-01 09:30:03",OPEN,20,1,19,1646126659000
484,43,"2022-03-01 09:30:03",OPEN,40,31,9,1646126656000
485,44,"2022-03-01 09:30:03",OPEN,30,3,25,1646126856000
486,45,"2022-03-01 09:30:03",OPEN,29,26,2,1646126853000
487,46,"2022-03-01 09:30:03",OPEN,30,17,13,1646126620000
488,47,"2022-03-01 09:30:03",OPEN,40,31,9,1646126748000
489,48,"2022-03-01 09:30:03",OPEN,40,21,19,1646126785000
490,49,"2022-03-01 09:30:03",OPEN,40,19,21,1646126598000
491,50,"2022-03-01 09:30:03",OPEN,40,2,37,1646126928000
492,51,"2022-03-01 09:30:03",OPEN,40,36,4,1646126942000
493,52,"2022-03-01 09:30:03",OPEN,40,30,10,1646126401000
494,53,"2022-03-01 09:30:03",OPEN,30,20,10,1646126762000
495,54,"2022-03-01 09:30:03",OPEN,30,18,10,1646126827000
496,55,"2022-03-01 09:30:03",OPEN,40,32,8,1646126458000
497,56,"2022-03-01 09:30:03",OPEN,40,10,30,1646126590000
498,57,"2022-03-01 09:30:03",OPEN,30,22,7,1646126729000
499,58,"2022-03-01 09:30:03",OPEN,20,0,20,1646126652000
500,59,"2022-03-01 09:30:03",OPEN,20,5,15,1646126948000
501,60,"2022-03-01 09:30:03",OPEN,30,21,9,1646126408000
502,61,"2022-03-01 09:30:03",OPEN,22,15,7,1646126598000
503,62,"2022-03-01 09:30:03",OPEN,38,38,0,1646126707000
504,63,"2022-03-01 09:30:03",OPEN,40,25,15,1646126898000
505,64,"2022-03-01 09:30:03",OPEN,27,22,4,1646126949000
506,65,"2022-03-01 09:30:03",OPEN,40,5,35,1646126843000
507,66,"2022-03-01 09:30:03",OPEN,30,15,15,1646126941000
508,67,"2022-03-01 09:30:03",OPEN,40,25,15,1646126602000
509,68,"2022-03-01 09:30:03",OPEN,30,18,11,1646126864000
510,69,"2022-03-01 09:30:03",OPEN,20,18,2,1646126512000
511,70,"2022-03-01 09:30:03",OPEN,40,4,36,1646126837000
512,71,"2022-03-01 09:30:03",OPEN,40,40,0,1646126672000
513,72,"2022-03-01 09:30:03",OPEN,36,28,8,1646126689000
514,73,"2022-03-01 09:30:03",OPEN,40,26,14,1646126480000
515,74,"2022-03-01 09:30:03",OPEN,40,40,0,1646126905000
516,75,"2022-03-01 09:30:03",OPEN,20,8,10,1646126548000
517,76,"2022-03-01 09:30:03",OPEN,40,12,28,1646126949000
518,77,"2022-03-01 09:30:03",OPEN,40,35,5,1646126818000
519,78,"2022-03-01 09:30:03",OPEN,20,20,0,1646126867000
520,79,"2022-03-01 09:30:03",OPEN,30,19,11,1646126900000
521,80,"2022-03-01 09:30:03",OPEN,40,36,4,1646126851000
522,81,"2022-03-01 09:30:03",OPEN,20,20,0,1646126786000
523,82,"2022-03-01 09:30:03",OPEN,40,26,14,1646126541000
524,83,"2022-03-01 09:30:03",OPEN,40,38,2,1646126406000
525,84,"2022-03-01 09:30:03",OPEN,20,2,18,1646126859000
526,85,"2022-03-01 09:30:03",OPEN,40,34,6,1646126914000
527,86,"2022-03-01 09:30:03",OPEN,16,10,6,1646126611000
528,87,"2022-03-01 09:30:03",OPEN,38,38,0,1646126587000
529,88,"2022-03-01 09:30:03",OPEN,16,1,15,1646126914000
530,89,"2022-03-01 09:30:03",OPEN,25,25,0,1646126770000
531,90,"2022-03-01 09:30:03",OPEN,20,0,20,1646126578000
532,91,"2022-03-01 09:30:03",OPEN,40,22,17,1646126943000
533,92,"2022-03-01 09:30:03",OPEN,29,15,14,1646126850000
534,93,"2022-03-01 09:30:03",OPEN,35,27,8,1646126440000
535,94,"2022-03-01 09:30:03",OPEN,40,29,11,1646126715000
536,95,"2022-03-01 09:30:03",OPEN,23,0,22,1646126504000
537,96,"2022-03-01 09:30:03",OPEN,30,29,1,1646126423000
538,97,"2022-03-01 09:30:03",OPEN,40,29,11,1646126465000
539,98,"2022-03-01 09:30:03",OPEN,23,20,3,1646126437000
540,99,"2022-03-01 09:30:03",OPEN,40,27,13,1646126609000
541,100,"2022-03-01 09:30:03",OPEN,20,20,0,1646126361000
542,101,"2022-03-01 09:30:03",OPEN,20,0,20,1646126775000
543,102,"2022-03-01 09:30:03",OPEN,21,12,9,1646126594000
544,103,"2022-03-01 09:30:03",OPEN,29,19,9,1646126647000
545,104,"2022-03-01 09:30:03",OPEN,40,39,1,1646126935000
546,105,"2022-03-01 09:30:03",OPEN,30,27,3,1646126672000
547,106,"2022-03-01 09:30:03",OPEN,20,12,8,1646126555000
548,107,"2022-03-01 09:30:03",OPEN,40,27,13,1646126393000
549,108,"2022-03-01 09:30:03",OPEN,40,38,1,1646126924000
550,109,"2022-03-01 09:30:03",OPEN,30,3,27,1646126901000
551,110,"2022-03-01 09:30:03",OPEN,30,26,4,1646126362000
552,1,"2022-03-01 09:32:02",OPEN,30,6,24,1646126951000
553,2,"2022-03-01 09:32:02",OPEN,20,9,11,1646127032000
554,3,"2022-03-01 09:32:02",OPEN,33,31,2,1646126757000
555,4,"2022-03-01 09:32:02",OPEN,35,32,3,1646127045000
556,5,"2022-03-01 09:32:02",OPEN,40,20,18,1646126904000
557,6,"2022-03-01 09:32:02",OPEN,20,13,7,1646126971000
558,7,"2022-03-01 09:32:02",OPEN,30,23,7,1646126563000
559,8,"2022-03-01 09:32:02",OPEN,30,12,18,1646127018000
560,9,"2022-03-01 09:32:02",OPEN,32,3,29,1646126953000
561,10,"2022-03-01 09:32:02",OPEN,40,13,27,1646126850000
562,11,"2022-03-01 09:32:02",OPEN,30,7,23,1646127017000
563,12,"2022-03-01 09:32:02",OPEN,30,30,0,1646126641000
564,13,"2022-03-01 09:32:02",OPEN,20,0,19,1646126593000
565,14,"2022-03-01 09:32:02",OPEN,40,6,34,1646127016000
566,15,"2022-03-01 09:32:02",OPEN,30,24,6,1646126776000
567,16,"2022-03-01 09:32:02",OPEN,40,27,13,1646126755000
568,17,"2022-03-01 09:32:02",OPEN,30,30,0,1646126908000
569,18,"2022-03-01 09:32:02",OPEN,40,2,37,1646126940000
570,19,"2022-03-01 09:32:02",OPEN,30,23,7,1646126676000
571,20,"2022-03-01 09:32:02",OPEN,38,38,0,1646126531000
572,21,"2022-03-01 09:32:02",OPEN,30,16,14,1646126562000
573,22,"2022-03-01 09:32:02",OPEN,40,18,22,1646126794000
574,23,"2022-03-01 09:32:02",OPEN,30,15,15,1646126758000
575,24,"2022-03-01 09:32:02",OPEN,20,16,4,1646127040000
576,25,"2022-03-01 09:32:02",OPEN,30,14,16,1646126872000
577,26,"2022-03-01 09:32:02",OPEN,40,0,40,1646126897000
578,27,"2022-03-01 09:32:02",OPEN,31,16,15,1646126960000
579,28,"2022-03-01 09:32:02",OPEN,35,4,31,1646127032000
580,29,"2022-03-01 09:32:02",OPEN,40,23,17,1646126603000
581,30,"2022-03-01 09:32:02",OPEN,30,16,13,1646126995000
582,31,"2022-03-01 09:32:02",OPEN,30,15,15,1646126855000
583,32,"2022-03-01 09:32:02",OPEN,24,16,8,1646126496000
584,33,"2022-03-01 09:32:02",OPEN,40,35,5,1646126857000
585,34,"2022-03-01 09:32:02",OPEN,30,23,7,1646126554000
586,35,"2022-03-01 09:32:02",OPEN,36,21,15,1646126992000
587,36,"2022-03-01 09:32:02",OPEN,40,15,25,1646126948000
588,37,"2022-03-01 09:32:02",OPEN,40,38,2,1646127017000
589,38,"2022-03-01 09:32:02",OPEN,40,31,9,1646126890000
590,39,"2022-03-01 09:32:02",OPEN,25,25,0,1646127037000
591,40,"2022-03-01 09:32:02",OPEN,29,17,12,1646126996000
592,41,"2022-03-01 09:32:02",OPEN,30,29,1,1646126479000
593,42,"2022-03-01 09:32:02",OPEN,20,1,19,1646126659000
594,43,"2022-03-01 09:32:02",OPEN,40,31,9,1646126656000
595,44,"2022-03-01 09:32:02",OPEN,30,2,26,1646127058000
596,45,"2022-03-01 09:32:02",OPEN,29,26,2,1646126853000
597,46,"2022-03-01 09:32:02",OPEN,30,17,13,1646126620000
598,47,"2022-03-01 09:32:02",OPEN,40,31,9,1646126748000
599,48,"2022-03-01 09:32:02",OPEN,40,21,19,1646126977000
600,49,"2022-03-01 09:32:02",OPEN,40,19,21,1646126598000
601,50,"2022-03-01 09:32:02",OPEN,40,3,36,1646127074000
602,51,"2022-03-01 09:32:02",OPEN,40,35,5,1646127027000
603,52,"2022-03-01 09:32:02",OPEN,40,30,10,1646127008000
604,53,"2022-03-01 09:32:02",OPEN,30,20,10,1646126762000
605,54,"2022-03-01 09:32:02",OPEN,30,17,11,1646126976000
606,55,"2022-03-01 09:32:02",OPEN,40,33,7,1646127023000
607,56,"2022-03-01 09:32:02",OPEN,40,10,30,1646126590000
608,57,"2022-03-01 09:32:02",OPEN,30,21,8,1646127015000
609,58,"2022-03-01 09:32:02",OPEN,20,0,20,1646126652000
610,59,"2022-03-01 09:32:02",OPEN,20,5,15,1646126948000
611,60,"2022-03-01 09:32:02",OPEN,30,21,9,1646127014000
612,61,"2022-03-01 09:32:02",OPEN,22,15,7,1646127059000
613,62,"2022-03-01 09:32:02",OPEN,38,38,0,1646126707000
614,63,"2022-03-01 09:32:02",OPEN,40,25,15,1646126898000
615,64,"2022-03-01 09:32:02",OPEN,27,23,3,1646127015000
616,65,"2022-03-01 09:32:02",OPEN,40,5,35,1646126843000
617,66,"2022-03-01 09:32:02",OPEN,30,14,16,1646127030000
618,67,"2022-03-01 09:32:02",OPEN,40,25,15,1646126602000
619,68,"2022-03-01 09:32:02",OPEN,30,18,11,1646126864000
620,69,"2022-03-01 09:32:02",OPEN,20,18,2,1646126512000
621,70,"2022-03-01 09:32:02",OPEN,40,5,35,1646127048000
622,71,"2022-03-01 09:32:02",OPEN,40,40,0,1646126672000
623,72,"2022-03-01 09:32:02",OPEN,36,28,8,1646126689000
624,73,"2022-03-01 09:32:02",OPEN,40,26,14,1646126480000
625,74,"2022-03-01 09:32:02",OPEN,40,40,0,1646126905000
626,75,"2022-03-01 09:32:02",OPEN,20,8,10,1646126548000
627,76,"2022-03-01 09:32:02",OPEN,40,12,28,1646126949000
628,77,"2022-03-01 09:32:02",OPEN,40,35,5,1646126818000
629,78,"2022-03-01 09:32:02",OPEN,20,20,0,1646126867000
630,79,"2022-03-01 09:32:02",OPEN,30,20,10,1646127066000
631,80,"2022-03-01 09:32:02",OPEN,40,36,4,1646126851000
632,81,"2022-03-01 09:32:02",OPEN,20,20,0,1646126786000
633,82,"2022-03-01 09:32:02",OPEN,40,27,13,1646127027000
634,83,"2022-03-01 09:32:02",OPEN,40,38,2,1646127013000
635,84,"2022-03-01 09:32:02",OPEN,20,1,19,1646126985000
636,85,"2022-03-01 09:32:02",OPEN,40,33,7,1646127029000
637,86,"2022-03-01 09:32:02",OPEN,16,10,6,1646126611000
638,87,"2022-03-01 09:32:02",OPEN,38,38,0,1646126587000
639,88,"2022-03-01 09:32:02",OPEN,16,1,15,1646126914000
640,89,"2022-03-01 09:32:02",OPEN,25,25,0,1646126770000
641,90,"2022-03-01 09:32:02",OPEN,20,0,20,1646126578000
642,91,"2022-03-01 09:32:02",OPEN,40,22,17,1646126943000
643,92,"2022-03-01 09:32:02",OPEN,29,15,14,1646126850000
644,93,"2022-03-01 09:32:02",OPEN,35,28,7,1646126977000
645,94,"2022-03-01 09:32:02",OPEN,40,30,10,1646127002000
646,95,"2022-03-01 09:32:02",OPEN,23,0,22,1646126504000
647,96,"2022-03-01 09:32:02",OPEN,30,29,1,1646127029000
648,97,"2022-03-01 09:32:02",OPEN,40,29,11,1646127072000
649,98,"2022-03-01 09:32:02",OPEN,23,20,3,1646127043000
650,99,"2022-03-01 09:32:02",OPEN,40,27,13,1646126609000
651,100,"2022-03-01 09:32:02",OPEN,20,20,0,1646126967000
652,101,"2022-03-01 09:32:02",OPEN,20,0,20,1646126775000
653,102,"2022-03-01 09:32:02",OPEN,21,12,9,1646126594000
654,103,"2022-03-01 09:32:02",OPEN,29,18,10,1646127045000
655,104,"2022-03-01 09:32:02",OPEN,40,39,1,1646126935000
656,105,"2022-03-01 09:32:02",OPEN,30,27,3,1646126672000
657,106,"2022-03-01 09:32:02",OPEN,20,12,8,1646126555000
658,107,"2022-03-01 09:32:02",OPEN,40,27,13,1646127000000
659,108,"2022-03-01 09:32:02",OPEN,40,38,1,1646126924000
660,109,"2022-03-01 09:32:02",OPEN,30,4,26,1646127015000
661,110,"2022-03-01 09:32:02",OPEN,30,26,4,1646126968000
662,1,"2022-03-01 09:34:01",OPEN,30,7,23,1646127090000
663,2,"2022-03-01 09:34:01",OPEN,20,9,11,1646127032000
664,3,"2022-03-01 09:34:01",OPEN,33,31,2,1646126757000
665,4,"2022-03-01 09:34:01",OPEN,35,32,3,1646127045000
666,5,"2022-03-01 09:34:01",OPEN,40,20,18,1646126904000
667,6,"2022-03-01 09:34:01",OPEN,20,14,6,1646127126000
668,7,"2022-03-01 09:34:01",OPEN,30,23,7,1646127169000
669,8,"2022-03-01 09:34:01",OPEN,30,13,17,1646127110000
670,9,"2022-03-01 09:34:01",OPEN,32,3,29,1646126953000
671,10,"2022-03-01 09:34:01",OPEN,40,13,27,1646126850000
672,11,"2022-03-01 09:34:01",OPEN,30,7,23,1646127017000
673,12,"2022-03-01 09:34:01",OPEN,30,30,0,1646126641000
674,13,"2022-03-01 09:34:01",OPEN,20,0,19,1646126593000
675,14,"2022-03-01 09:34:01",OPEN,40,6,34,1646127016000
676,15,"2022-03-01 09:34:01",OPEN,30,24,6,1646126776000
677,16,"2022-03-01 09:34:01",OPEN,40,26,14,1646127131000
678,17,"2022-03-01 09:34:01",OPEN,30,30,0,1646126908000
679,18,"2022-03-01 09:34:01",OPEN,40,2,37,1646126940000
680,19,"2022-03-01 09:34:01",OPEN,30,23,7,1646126676000
681,20,"2022-03-01 09:34:01",OPEN,38,38,0,1646127137000
682,21,"2022-03-01 09:34:01",OPEN,30,16,14,1646127168000
683,22,"2022-03-01 09:34:01",OPEN,40,20,20,1646127131000
684,23,"2022-03-01 09:34:01",OPEN,30,15,15,1646126758000
685,24,"2022-03-01 09:34:01",OPEN,20,16,4,1646127040000
686,25,"2022-03-01 09:34:01",OPEN,30,14,16,1646126872000
687,26,"2022-03-01 09:34:01",OPEN,40,0,40,1646126897000
688,27,"2022-03-01 09:34:01",OPEN,31,16,15,1646126960000
689,28,"2022-03-01 09:34:01",OPEN,35,4,31,1646127032000
690,29,"2022-03-01 09:34:01",OPEN,40,23,17,1646126603000
691,30,"2022-03-01 09:34:01",OPEN,30,16,13,1646126995000
692,31,"2022-03-01 09:34:01",OPEN,30,15,15,1646126855000
693,32,"2022-03-01 09:34:01",OPEN,24,14,10,1646127115000
694,33,"2022-03-01 09:34:01",OPEN,40,35,5,1646126857000
695,34,"2022-03-01 09:34:01",OPEN,30,23,7,1646127160000
696,35,"2022-03-01 09:34:01",OPEN,36,21,15,1646126992000
697,36,"2022-03-01 09:34:01",OPEN,40,15,25,1646126948000
698,37,"2022-03-01 09:34:01",OPEN,40,38,2,1646127017000
699,38,"2022-03-01 09:34:01",OPEN,40,31,9,1646127114000
700,39,"2022-03-01 09:34:01",OPEN,25,25,0,1646127037000
701,40,"2022-03-01 09:34:01",OPEN,29,17,12,1646126996000
702,41,"2022-03-01 09:34:01",OPEN,30,29,1,1646127084000
703,42,"2022-03-01 09:34:01",OPEN,20,2,18,1646127082000
704,43,"2022-03-01 09:34:01",OPEN,40,31,9,1646126656000
705,44,"2022-03-01 09:34:01",OPEN,30,0,28,1646127132000
706,45,"2022-03-01 09:34:01",OPEN,29,26,2,1646126853000
707,46,"2022-03-01 09:34:01",OPEN,30,17,13,1646126620000
708,47,"2022-03-01 09:34:01",OPEN,40,31,9,1646126748000
709,48,"2022-03-01 09:34:01",OPEN,40,21,19,1646126977000
710,49,"2022-03-01 09:34:01",OPEN,40,19,21,1646126598000
711,50,"2022-03-01 09:34:01",OPEN,40,2,37,1646127122000
712,51,"2022-03-01 09:34:01",OPEN,40,36,4,1646127106000
713,52,"2022-03-01 09:34:01",OPEN,40,30,10,1646127008000
714,53,"2022-03-01 09:34:01",OPEN,30,20,10,1646126762000
715,54,"2022-03-01 09:34:01",OPEN,30,18,10,1646127084000
716,55,"2022-03-01 09:34:01",OPEN,40,33,7,1646127023000
717,56,"2022-03-01 09:34:01",OPEN,40,9,31,1646127189000
718,57,"2022-03-01 09:34:01",OPEN,30,22,7,1646127152000
719,58,"2022-03-01 09:34:01",OPEN,20,1,19,1646127187000
720,59,"2022-03-01 09:34:01",OPEN,20,4,16,1646127173000
721,60,"2022-03-01 09:34:01",OPEN,30,21,9,1646127014000
722,61,"2022-03-01 09:34:01",OPEN,22,16,6,1646127077000
723,62,"2022-03-01 09:34:01",OPEN,38,38,0,1646126707000
724,63,"2022-03-01 09:34:01",OPEN,40,25,15,1646126898000
725,64,"2022-03-01 09:34:01",OPEN,27,24,2,1646127193000
726,65,"2022-03-01 09:34:01",OPEN,40,4,36,1646127138000
727,66,"2022-03-01 09:34:01",OPEN,30,14,16,1646127030000
728,67,"2022-03-01 09:34:01",OPEN,40,25,15,1646126602000
729,68,"2022-03-01 09:34:01",OPEN,30,18,11,1646126864000
730,69,"2022-03-01 09:34:01",OPEN,20,18,2,1646127118000
731,70,"2022-03-01 09:34:01",OPEN,40,5,35,1646127048000
732,71,"2022-03-01 09:34:01",OPEN,40,40,0,1646126672000
733,72,"2022-03-01 09:34:01",OPEN,36,28,8,1646126689000
734,73,"2022-03-01 09:34:01",OPEN,40,26,14,1646127086000
735,74,"2022-03-01 09:34:01",OPEN,40,40,0,1646126905000
736,75,"2022-03-01 09:34:01",OPEN,20,8,10,1646127153000
737,76,"2022-03-01 09:34:01",OPEN,40,13,27,1646127136000
738,77,"2022-03-01 09:34:01",OPEN,40,35,5,1646126818000
739,78,"2022-03-01 09:34:01",OPEN,20,20,0,1646126867000
740,79,"2022-03-01 09:34:01",OPEN,30,21,9,1646127145000
741,80,"2022-03-01 09:34:01",OPEN,40,36,4,1646126851000
742,81,"2022-03-01 09:34:01",OPEN,20,20,0,1646126786000
743,82,"2022-03-01 09:34:01",OPEN,40,27,13,1646127027000
744,83,"2022-03-01 09:34:01",OPEN,40,36,4,1646127187000
745,84,"2022-03-01 09:34:01",OPEN,20,2,18,1646127111000
746,85,"2022-03-01 09:34:01",OPEN,40,33,7,1646127029000
747,86,"2022-03-01 09:34:01",OPEN,16,10,6,1646126611000
748,87,"2022-03-01 09:34:01",OPEN,38,38,0,1646127194000
749,88,"2022-03-01 09:34:01",OPEN,16,1,15,1646126914000
750,89,"2022-03-01 09:34:01",OPEN,25,25,0,1646126770000
751,90,"2022-03-01 09:34:01",OPEN,20,0,20,1646127183000
752,91,"2022-03-01 09:34:01",OPEN,40,22,17,1646126943000
753,92,"2022-03-01 09:34:01",OPEN,29,15,14,1646126850000
754,93,"2022-03-01 09:34:01",OPEN,35,28,7,1646126977000
755,94,"2022-03-01 09:34:01",OPEN,40,30,10,1646127167000
756,95,"2022-03-01 09:34:01",OPEN,23,0,22,1646127110000
757,96,"2022-03-01 09:34:01",OPEN,30,29,1,1646127029000
758,97,"2022-03-01 09:34:01",OPEN,40,28,12,1646127126000
759,98,"2022-03-01 09:34:01",OPEN,23,20,3,1646127043000
760,99,"2022-03-01 09:34:01",OPEN,40,27,13,1646126609000
761,100,"2022-03-01 09:34:01",OPEN,20,19,1,1646127161000
762,101,"2022-03-01 09:34:01",OPEN,20,0,20,1646126775000
763,102,"2022-03-01 09:34:01",OPEN,21,11,10,1646127100000
764,103,"2022-03-01 09:34:01",OPEN,29,17,11,1646127173000
765,104,"2022-03-01 09:34:01",OPEN,40,39,1,1646126935000
766,105,"2022-03-01 09:34:01",OPEN,30,27,3,1646126672000
767,106,"2022-03-01 09:34:01",OPEN,20,12,8,1646127162000
768,107,"2022-03-01 09:34:01",OPEN,40,27,13,1646127000000
769,108,"2022-03-01 09:34:01",OPEN,40,38,1,1646126924000
770,109,"2022-03-01 09:34:01",OPEN,30,4,26,1646127015000
771,110,"2022-03-01 09:34:01",OPEN,30,26,4,1646126968000
772,1,"2022-03-01 09:36:02",OPEN,30,7,23,1646127090000
773,2,"2022-03-01 09:36:02",OPEN,20,9,11,1646127032000
774,3,"2022-03-01 09:36:02",OPEN,33,31,2,1646126757000
775,4,"2022-03-01 09:36:02",OPEN,35,32,3,1646127045000
776,5,"2022-03-01 09:36:02",OPEN,40,20,18,1646126904000
777,6,"2022-03-01 09:36:02",OPEN,20,13,7,1646127201000
778,7,"2022-03-01 09:36:02",OPEN,30,23,7,1646127169000
779,8,"2022-03-01 09:36:02",OPEN,30,12,18,1646127249000
780,9,"2022-03-01 09:36:02",OPEN,32,3,29,1646126953000
781,10,"2022-03-01 09:36:02",OPEN,40,13,27,1646126850000
782,11,"2022-03-01 09:36:02",OPEN,30,7,23,1646127017000
783,12,"2022-03-01 09:36:02",OPEN,30,30,0,1646127247000
784,13,"2022-03-01 09:36:02",OPEN,20,0,19,1646127199000
785,14,"2022-03-01 09:36:02",OPEN,40,6,34,1646127016000
786,15,"2022-03-01 09:36:02",OPEN,30,23,7,1646127213000
787,16,"2022-03-01 09:36:02",OPEN,40,27,13,1646127272000
788,17,"2022-03-01 09:36:02",OPEN,30,30,0,1646126908000
789,18,"2022-03-01 09:36:02",OPEN,40,2,37,1646126940000
790,19,"2022-03-01 09:36:02",OPEN,30,23,7,1646127282000
791,20,"2022-03-01 09:36:02",OPEN,38,38,0,1646127137000
792,21,"2022-03-01 09:36:02",OPEN,30,16,14,1646127168000
793,22,"2022-03-01 09:36:02",OPEN,40,20,20,1646127131000
794,23,"2022-03-01 09:36:02",OPEN,30,15,15,1646126758000
795,24,"2022-03-01 09:36:02",OPEN,20,16,4,1646127040000
796,25,"2022-03-01 09:36:02",OPEN,30,14,16,1646126872000
797,26,"2022-03-01 09:36:02",OPEN,40,0,40,1646126897000
798,27,"2022-03-01 09:36:02",OPEN,31,17,14,1646127285000
799,28,"2022-03-01 09:36:02",OPEN,35,4,31,1646127032000
800,29,"2022-03-01 09:36:02",OPEN,40,22,18,1646127254000
801,30,"2022-03-01 09:36:02",OPEN,30,16,13,1646126995000
802,31,"2022-03-01 09:36:02",OPEN,30,14,16,1646127198000
803,32,"2022-03-01 09:36:02",OPEN,24,14,10,1646127115000
804,33,"2022-03-01 09:36:02",OPEN,40,36,4,1646127252000
805,34,"2022-03-01 09:36:02",OPEN,30,23,7,1646127160000
806,35,"2022-03-01 09:36:02",OPEN,36,20,16,1646127251000
807,36,"2022-03-01 09:36:02",OPEN,40,15,25,1646126948000
808,37,"2022-03-01 09:36:02",OPEN,40,38,2,1646127017000
809,38,"2022-03-01 09:36:02",OPEN,40,31,9,1646127114000
810,39,"2022-03-01 09:36:02",OPEN,25,25,0,1646127037000
811,40,"2022-03-01 09:36:02",OPEN,29,17,12,1646126996000
812,41,"2022-03-01 09:36:02",OPEN,30,29,1,1646127084000
813,42,"2022-03-01 09:36:02",OPEN,20,1,19,1646127260000
814,43,"2022-03-01 09:36:02",OPEN,40,32,8,1646127202000
815,44,"2022-03-01 09:36:02",OPEN,30,0,28,1646127132000
816,45,"2022-03-01 09:36:02",OPEN,29,26,2,1646126853000
817,46,"2022-03-01 09:36:02",OPEN,30,17,13,1646127226000
818,47,"2022-03-01 09:36:02",OPEN,40,31,9,1646126748000
819,48,"2022-03-01 09:36:02",OPEN,40,21,19,1646126977000
820,49,"2022-03-01 09:36:02",OPEN,40,19,21,1646127204000
821,50,"2022-03-01 09:36:02",OPEN,40,2,37,1646127122000
822,51,"2022-03-01 09:36:02",OPEN,40,36,4,1646127106000
823,52,"2022-03-01 09:36:02",OPEN,40,30,10,1646127008000
824,53,"2022-03-01 09:36:02",OPEN,30,20,10,1646126762000
825,54,"2022-03-01 09:36:02",OPEN,30,19,9,1646127205000
826,55,"2022-03-01 09:36:02",OPEN,40,33,7,1646127023000
827,56,"2022-03-01 09:36:02",OPEN,40,9,31,1646127189000
828,57,"2022-03-01 09:36:02",OPEN,30,22,7,1646127152000
829,58,"2022-03-01 09:36:02",OPEN,20,0,20,1646127216000
830,59,"2022-03-01 09:36:02",OPEN,20,4,16,1646127173000
831,60,"2022-03-01 09:36:02",OPEN,30,21,9,1646127014000
832,61,"2022-03-01 09:36:02",OPEN,22,16,6,1646127077000
833,62,"2022-03-01 09:36:02",OPEN,38,38,0,1646127313000
834,63,"2022-03-01 09:36:02",OPEN,40,25,15,1646126898000
835,64,"2022-03-01 09:36:02",OPEN,27,24,2,1646127193000
836,65,"2022-03-01 09:36:02",OPEN,40,4,36,1646127138000
837,66,"2022-03-01 09:36:02",OPEN,30,14,16,1646127030000
838,67,"2022-03-01 09:36:02",OPEN,40,25,15,1646127207000
839,68,"2022-03-01 09:36:02",OPEN,30,18,11,1646126864000
840,69,"2022-03-01 09:36:02",OPEN,20,18,2,1646127118000
841,70,"2022-03-01 09:36:02",OPEN,40,5,35,1646127048000
842,71,"2022-03-01 09:36:02",OPEN,40,40,0,1646127278000
843,72,"2022-03-01 09:36:02",OPEN,36,28,8,1646127295000
844,73,"2022-03-01 09:36:02",OPEN,40,26,14,1646127086000
845,74,"2022-03-01 09:36:02",OPEN,40,40,0,1646126905000
846,75,"2022-03-01 09:36:02",OPEN,20,8,10,1646127153000
847,76,"2022-03-01 09:36:02",OPEN,40,14,26,1646127304000
848,77,"2022-03-01 09:36:02",OPEN,40,36,4,1646127213000
849,78,"2022-03-01 09:36:02",OPEN,20,20,0,1646126867000
850,79,"2022-03-01 09:36:02",OPEN,30,21,9,1646127145000
851,80,"2022-03-01 09:36:02",OPEN,40,36,4,1646126851000
852,81,"2022-03-01 09:36:02",OPEN,20,20,0,1646126786000
853,82,"2022-03-01 09:36:02",OPEN,40,27,13,1646127027000
854,83,"2022-03-01 09:36:02",OPEN,40,29,11,1646127313000
855,84,"2022-03-01 09:36:02",OPEN,20,2,18,1646127111000
856,85,"2022-03-01 09:36:02",OPEN,40,31,9,1646127208000
857,86,"2022-03-01 09:36:02",OPEN,16,10,6,1646127217000
858,87,"2022-03-01 09:36:02",OPEN,38,38,0,1646127194000
859,88,"2022-03-01 09:36:02",OPEN,16,1,15,1646126914000
860,89,"2022-03-01 09:36:02",OPEN,25,25,0,1646126770000
861,90,"2022-03-01 09:36:02",OPEN,20,1,19,1646127278000
862,91,"2022-03-01 09:36:02",OPEN,40,22,17,1646126943000
863,92,"2022-03-01 09:36:02",OPEN,29,15,14,1646126850000
864,93,"2022-03-01 09:36:02",OPEN,35,28,7,1646126977000
865,94,"2022-03-01 09:36:02",OPEN,40,30,10,1646127167000
866,95,"2022-03-01 09:36:02",OPEN,23,0,22,1646127110000
867,96,"2022-03-01 09:36:02",OPEN,30,29,1,1646127029000
868,97,"2022-03-01 09:36:02",OPEN,40,28,12,1646127126000
869,98,"2022-03-01 09:36:02",OPEN,23,20,3,1646127043000
870,99,"2022-03-01 09:36:02",OPEN,40,27,13,1646127215000
871,100,"2022-03-01 09:36:02",OPEN,20,19,1,1646127161000
872,101,"2022-03-01 09:36:02",OPEN,20,2,18,1646127277000
873,102,"2022-03-01 09:36:02",OPEN,21,11,10,1646127100000
874,103,"2022-03-01 09:36:02",OPEN,29,17,11,1646127199000
875,104,"2022-03-01 09:36:02",OPEN,40,39,1,1646126935000
876,105,"2022-03-01 09:36:02",OPEN,30,27,3,1646127278000
877,106,"2022-03-01 09:36:02",OPEN,20,13,7,1646127204000
878,107,"2022-03-01 09:36:02",OPEN,40,27,13,1646127000000
879,108,"2022-03-01 09:36:02",OPEN,40,38,1,1646126924000
880,109,"2022-03-01 09:36:02",OPEN,30,4,26,1646127015000
881,110,"2022-03-01 09:36:02",OPEN,30,26,4,1646126968000
882,1,"2022-03-01 09:38:02",OPEN,30,7,23,1646127090000
883,2,"2022-03-01 09:38:02",OPEN,20,9,11,1646127032000
884,3,"2022-03-01 09:38:02",OPEN,33,31,2,1646127363000
885,4,"2022-03-01 09:38:02",OPEN,35,32,3,1646127045000
886,5,"2022-03-01 09:38:02",OPEN,40,20,18,1646126904000
887,6,"2022-03-01 09:38:02",OPEN,20,13,7,1646127201000
888,7,"2022-03-01 09:38:02",OPEN,30,21,9,1646127354000
889,8,"2022-03-01 09:38:02",OPEN,30,13,17,1646127425000
890,9,"2022-03-01 09:38:02",OPEN,32,3,29,1646126953000
891,10,"2022-03-01 09:38:02",OPEN,40,13,27,1646126850000
892,11,"2022-03-01 09:38:02",OPEN,30,6,24,1646127320000
893,12,"2022-03-01 09:38:02",OPEN,30,30,0,1646127247000
894,13,"2022-03-01 09:38:02",OPEN,20,0,19,1646127199000
895,14,"2022-03-01 09:38:02",OPEN,40,6,34,1646127016000
896,15,"2022-03-01 09:38:02",OPEN,30,23,7,1646127213000
897,16,"2022-03-01 09:38:02",OPEN,40,27,13,1646127272000
898,17,"2022-03-01 09:38:02",OPEN,30,30,0,1646126908000
899,18,"2022-03-01 09:38:02",OPEN,40,2,37,1646126940000
900,19,"2022-03-01 09:38:02",OPEN,30,23,7,1646127282000
901,20,"2022-03-01 09:38:02",OPEN,38,38,0,1646127137000
902,21,"2022-03-01 09:38:02",OPEN,30,16,14,1646127168000
903,22,"2022-03-01 09:38:02",OPEN,40,20,20,1646127131000
904,23,"2022-03-01 09:38:02",OPEN,30,15,15,1646127364000
905,24,"2022-03-01 09:38:02",OPEN,20,15,5,1646127431000
906,25,"2022-03-01 09:38:02",OPEN,30,14,16,1646126872000
907,26,"2022-03-01 09:38:02",OPEN,40,0,40,1646126897000
908,27,"2022-03-01 09:38:02",OPEN,31,18,13,1646127399000
909,28,"2022-03-01 09:38:02",OPEN,35,4,31,1646127032000
910,29,"2022-03-01 09:38:02",OPEN,40,22,18,1646127254000
911,30,"2022-03-01 09:38:02",OPEN,30,17,12,1646127403000
912,31,"2022-03-01 09:38:02",OPEN,30,14,16,1646127198000
913,32,"2022-03-01 09:38:02",OPEN,24,14,10,1646127115000
914,33,"2022-03-01 09:38:02",OPEN,40,37,3,1646127371000
915,34,"2022-03-01 09:38:02",OPEN,30,23,7,1646127160000
916,35,"2022-03-01 09:38:02",OPEN,36,20,16,1646127251000
917,36,"2022-03-01 09:38:02",OPEN,40,15,25,1646126948000
918,37,"2022-03-01 09:38:02",OPEN,40,39,1,1646127419000
919,38,"2022-03-01 09:38:02",OPEN,40,31,9,1646127114000
920,39,"2022-03-01 09:38:02",OPEN,25,25,0,1646127037000
921,40,"2022-03-01 09:38:02",OPEN,29,16,13,1646127369000
922,41,"2022-03-01 09:38:02",OPEN,30,29,1,1646127084000
923,42,"2022-03-01 09:38:02",OPEN,20,1,19,1646127260000
924,43,"2022-03-01 09:38:02",OPEN,40,32,8,1646127202000
925,44,"2022-03-01 09:38:02",OPEN,30,0,28,1646127132000
926,45,"2022-03-01 09:38:02",OPEN,29,26,2,1646127430000
927,46,"2022-03-01 09:38:02",OPEN,30,19,11,1646127411000
928,47,"2022-03-01 09:38:02",OPEN,40,31,9,1646127354000
929,48,"2022-03-01 09:38:02",OPEN,40,22,18,1646127330000
930,49,"2022-03-01 09:38:02",OPEN,40,19,21,1646127204000
931,50,"2022-03-01 09:38:02",OPEN,40,2,37,1646127122000
932,51,"2022-03-01 09:38:02",OPEN,40,36,4,1646127106000
933,52,"2022-03-01 09:38:02",OPEN,40,30,10,1646127008000
934,53,"2022-03-01 09:38:02",OPEN,30,20,10,1646127369000
935,54,"2022-03-01 09:38:02",OPEN,30,19,9,1646127205000
936,55,"2022-03-01 09:38:02",OPEN,40,33,7,1646127023000
937,56,"2022-03-01 09:38:02",OPEN,40,9,31,1646127189000
938,57,"2022-03-01 09:38:02",OPEN,30,21,8,1646127317000
939,58,"2022-03-01 09:38:02",OPEN,20,0,20,1646127216000
940,59,"2022-03-01 09:38:02",OPEN,20,4,16,1646127173000
941,60,"2022-03-01 09:38:02",OPEN,30,21,9,1646127014000
942,61,"2022-03-01 09:38:02",OPEN,22,17,5,1646127412000
943,62,"2022-03-01 09:38:02",OPEN,38,38,0,1646127313000
944,63,"2022-03-01 09:38:02",OPEN,40,25,15,1646126898000
945,64,"2022-03-01 09:38:02",OPEN,27,24,2,1646127193000
946,65,"2022-03-01 09:38:02",OPEN,40,5,35,1646127398000
947,66,"2022-03-01 09:38:02",OPEN,30,14,16,1646127030000
948,67,"2022-03-01 09:38:02",OPEN,40,25,15,1646127207000
949,68,"2022-03-01 09:38:02",OPEN,30,17,12,1646127382000
950,69,"2022-03-01 09:38:02",OPEN,20,18,2,1646127118000
951,70,"2022-03-01 09:38:02",OPEN,40,5,35,1646127048000
952,71,"2022-03-01 09:38:02",OPEN,40,40,0,1646127278000
953,72,"2022-03-01 09:38:02",OPEN,36,28,8,1646127295000
954,73,"2022-03-01 09:38:02",OPEN,40,26,14,1646127086000
955,74,"2022-03-01 09:38:02",OPEN,40,40,0,1646126905000
956,75,"2022-03-01 09:38:02",OPEN,20,7,11,1646127361000
957,76,"2022-03-01 09:38:02",OPEN,40,13,27,1646127424000
958,77,"2022-03-01 09:38:02",OPEN,40,36,4,1646127213000
959,78,"2022-03-01 09:38:02",OPEN,20,20,0,1646126867000
960,79,"2022-03-01 09:38:02",OPEN,30,21,9,1646127145000
961,80,"2022-03-01 09:38:02",OPEN,40,36,4,1646126851000
962,81,"2022-03-01 09:38:02",OPEN,20,20,0,1646127392000
963,82,"2022-03-01 09:38:02",OPEN,40,28,12,1646127358000
964,83,"2022-03-01 09:38:02",OPEN,40,25,15,1646127388000
965,84,"2022-03-01 09:38:02",OPEN,20,1,19,1646127412000
966,85,"2022-03-01 09:38:02",OPEN,40,31,9,1646127208000
967,86,"2022-03-01 09:38:02",OPEN,16,9,7,1646127339000
968,87,"2022-03-01 09:38:02",OPEN,38,38,0,1646127194000
969,88,"2022-03-01 09:38:02",OPEN,16,0,16,1646127434000
970,89,"2022-03-01 09:38:02",OPEN,25,25,0,1646127376000
971,90,"2022-03-01 09:38:02",OPEN,20,1,19,1646127278000
972,91,"2022-03-01 09:38:02",OPEN,40,22,17,1646126943000
973,92,"2022-03-01 09:38:02",OPEN,29,15,14,1646126850000
974,93,"2022-03-01 09:38:02",OPEN,35,29,6,1646127387000
975,94,"2022-03-01 09:38:02",OPEN,40,30,10,1646127167000
976,95,"2022-03-01 09:38:02",OPEN,23,1,21,1646127401000
977,96,"2022-03-01 09:38:02",OPEN,30,29,1,1646127029000
978,97,"2022-03-01 09:38:02",OPEN,40,28,12,1646127126000
979,98,"2022-03-01 09:38:02",OPEN,23,20,3,1646127043000
980,99,"2022-03-01 09:38:02",OPEN,40,27,13,1646127215000
981,100,"2022-03-01 09:38:02",OPEN,20,19,1,1646127161000
982,101,"2022-03-01 09:38:02",OPEN,20,2,18,1646127277000
983,102,"2022-03-01 09:38:02",OPEN,21,11,10,1646127100000
984,103,"2022-03-01 09:38:02",OPEN,29,17,11,1646127199000
985,104,"2022-03-01 09:38:02",OPEN,40,39,1,1646126935000
986,105,"2022-03-01 09:38:02",OPEN,30,27,3,1646127278000
987,106,"2022-03-01 09:38:02",OPEN,20,12,8,1646127377000
988,107,"2022-03-01 09:38:02",OPEN,40,28,12,1646127428000
989,108,"2022-03-01 09:38:02",OPEN,40,38,1,1646126924000
990,109,"2022-03-01 09:38:02",OPEN,30,4,26,1646127015000
991,110,"2022-03-01 09:38:02",OPEN,30,26,4,1646127380000
992,1,"2022-03-01 09:40:02",OPEN,30,7,23,1646127540000
993,2,"2022-03-01 09:40:02",OPEN,20,9,11,1646127032000
994,3,"2022-03-01 09:40:02",OPEN,33,31,2,1646127363000
995,4,"2022-03-01 09:40:02",OPEN,35,32,3,1646127045000
996,5,"2022-03-01 09:40:02",OPEN,40,20,18,1646127510000
997,6,"2022-03-01 09:40:02",OPEN,20,13,7,1646127201000
998,7,"2022-03-01 09:40:02",OPEN,30,21,9,1646127354000
999,8,"2022-03-01 09:40:02",OPEN,30,13,17,1646127425000
1000,9,"2022-03-01 09:40:02",OPEN,32,3,29,1646126953000
1001,10,"2022-03-01 09:40:02",OPEN,40,13,27,1646127456000
